1577966702.562,0,0
1577966702.779,0,0
1577966702.994,0,0
1577966703.211,0,0
1577966703.424,0,0
1577966703.641,0,0
1577966703.858,0,0
1577966704.074,0,0
1577966704.291,0,0
1577966704.504,0,0
1577966704.722,0,0
1577966704.936,0,0
1577966705.151,0,0
1577966705.366,0,0
1577966705.582,0,0
1577966705.797,0,0
1577966706.013,0,0
1577966706.233,0,0
1577966706.451,0,0
1577966706.668,0,0
1577966706.885,0,0
1577966707.101,0,0
1577966707.318,0,0
1577966707.536,0,0
1577966707.753,0,0
1577966707.967,0,0
1577966708.186,0,0
1577966708.400,0,0
1577966708.617,0,0
1577966708.833,0,0
1577966709.053,0,0
1577966709.274,0,0
1577966709.489,0,0
1577966709.705,0,0
1577966709.919,0,0
1577966710.137,0,0
1577966710.356,0,0
1577966710.576,0,0
1577966710.795,0,0
1577966711.015,0,0
1577966711.234,0,0
1577966711.453,0,0
1577966711.674,0,0
1577966711.893,0,0
1577966712.113,0,0
1577966712.329,0,0
1577966712.547,0,0
1577966712.762,0,0
1577966712.980,0,0
1577966713.194,0,0
1577966713.410,0,0
1577966713.626,0,0
1577966713.842,0,0
1577966714.061,0,0
1577966714.278,0,0
1577966714.494,0,0
1577966714.710,0,0
1577966714.927,0,0
1577966715.145,0,0
1577966715.362,0,0
1577966715.583,0,0
1577966715.801,0,0
1577966716.018,0,0
1577966716.238,0,0
1577966716.456,0,0
1577966716.672,0,0
1577966716.889,0,0
1577966717.105,0,0
1577966717.321,0,0
1577966717.539,0,0
1577966717.759,0,0
1577966717.977,0,0
1577966718.193,0,0
1577966718.413,0,0
1577966718.628,0,0
1577966718.843,0,0
1577966719.058,0,0
1577966719.276,0,0
1577966719.491,0,0
1577966719.710,0,0
1577966719.926,0,0
1577966720.141,0,0
1577966720.355,0,0
1577966720.576,0,0
1577966720.792,0,0
1577966721.009,0,0
1577966721.223,0,0
1577966721.440,0,0
1577966721.657,0,0
1577966721.875,0,0
1577966722.091,0,0
1577966722.308,0,0
1577966722.526,0,0
1577966722.742,0,0
1577966722.959,0,0
1577966723.179,0,0
1577966723.398,0,0
1577966723.614,0,0
1577966723.832,0,0
1577966724.050,0,0
1577966724.270,0,0
1577966724.485,0,0
1577966724.700,0,0
1577966724.920,0,0
1577966725.140,0,0
1577966725.361,0,0
1577966725.577,0,0
1577966725.794,0,0
1577966726.015,0,0
1577966726.235,0,0
1577966726.452,0,0
1577966726.669,0,0
1577966726.887,0,0
1577966727.103,0,0
1577966727.321,0,0
1577966727.540,0,0
1577966727.757,0,0
1577966727.975,0,0
1577966728.190,0,0
1577966728.407,0,0
1577966728.624,0,0
1577966728.840,0,0
1577966729.058,0,0
1577966729.275,0,0
1577966729.497,0,0
1577966729.716,0,0
1577966729.936,0,0
1577966730.154,0,0
1577966730.374,0,0
1577966730.593,0,0
1577966730.808,0,0
1577966731.024,0,0
1577966731.243,0,0
1577966731.462,0,0
1577966731.676,0,0
1577966731.892,0,0
1577966732.115,0,0
1577966732.333,0,0
1577966732.554,0,0
1577966732.773,0,0
1577966732.989,0,0
1577966733.207,0,0
1577966733.422,0,0
1577966733.640,0,0
1577966733.857,0,0
1577966734.072,0,0
1577966734.289,0,0
1577966734.507,0,0
1577966734.726,0,0
1577966734.945,0,0
1577966735.165,0,0
1577966735.382,0,0
1577966735.598,0,0
1577966735.814,0,0
1577966736.034,0,0
1577966736.255,0,0
1577966736.473,0,0
1577966736.691,0,0
1577966736.914,0,0
1577966737.129,0,0
1577966737.348,0,0
1577966737.565,0,0
1577966737.780,0,0
1577966737.999,0,0
1577966738.217,0,0
1577966738.436,0,0
1577966738.655,0,0
1577966738.875,0,0
1577966739.091,0,0
1577966739.307,0,0
1577966739.526,0,0
1577966739.739,0,0
1577966739.953,0,0
1577966740.169,0,0
1577966740.387,0,0
1577966740.604,0,0
1577966740.819,0,0
1577966741.037,0,0
1577966741.256,0,0
1577966741.476,0,0
1577966741.693,0,0
1577966741.916,0,0
1577966742.137,0,0
1577966742.356,0,0
1577966742.572,0,0
1577966742.795,0,0
1577966743.011,0,0
1577966743.228,0,0
1577966743.449,0,0
1577966743.667,0,0
1577966743.885,0,0
1577966744.103,0,0
1577966744.320,0,0
1577966744.540,0,0
1577966744.757,0,0
1577966744.975,0,0
1577966745.188,0,0
1577966745.402,0,0
1577966745.623,0,0
1577966745.847,0,0
1577966746.064,0,0
1577966746.284,0,0
1577966746.499,0,0
1577966746.716,0,0
1577966746.933,0,0
1577966747.151,0,0
1577966747.368,0,0
1577966747.584,0,0
1577966747.801,0,0
1577966748.020,0,0
1577966748.239,0,0
1577966748.457,0,0
1577966748.674,0,0
1577966748.891,0,0
1577966749.106,0,0
1577966749.323,0,0
1577966749.543,0,0
1577966749.763,0,0
1577966749.978,0,0
1577966750.196,0,0
1577966750.412,0,0
1577966750.627,0,0
1577966750.843,0,0
1577966751.063,0,0
1577966751.278,0,0
1577966751.496,0,0
1577966751.714,0,0
1577966751.932,0,0
1577966752.151,0,0
1577966752.368,0,0
1577966752.588,0,0
1577966752.805,0,0
1577966753.021,0,0
1577966753.238,0,0
1577966753.455,0,0
1577966753.674,0,0
1577966753.890,0,0
1577966754.109,0,0
1577966754.324,0,0
1577966754.539,0,0
1577966754.756,0,0
1577966754.975,0,0
1577966755.192,0,0
1577966755.409,0,0
1577966755.626,0,0
1577966755.842,0,0
1577966756.057,0,0
1577966756.274,0,0
1577966756.490,0,0
1577966756.708,0,0
1577966756.926,0,0
1577966757.144,0,0
1577966757.363,0,0
1577966757.579,0,0
1577966757.794,0,0
1577966758.016,0,0
1577966758.235,0,0
1577966758.454,0,0
1577966758.675,0,0
1577966758.895,0,0
1577966759.112,0,0
1577966759.330,0,0
1577966759.549,0,0
1577966759.765,0,0
1577966759.982,0,0
1577966760.197,0,0
1577966760.413,0,0
1577966760.630,0,0
1577966760.849,0,0
1577966761.069,0,0
1577966761.288,0,0
1577966761.507,0,0
1577966761.724,0,0
1577966761.942,0,0
1577966762.161,0,0
1577966762.379,0,0
1577966762.593,0,0
1577966762.809,0,0
1577966763.024,0,0
1577966763.244,0,0
1577966763.464,0,0
1577966763.684,0,0
1577966763.900,0,0
1577966764.115,0,0
1577966764.332,0,0
1577966764.546,0,0
1577966764.766,0,0
1577966764.982,0,0
1577966765.203,0,0
1577966765.421,0,0
1577966765.638,0,0
1577966765.855,0,0
1577966766.071,0,0
1577966766.288,0,0
1577966766.502,0,0
1577966766.717,0,0
1577966766.935,0,0
1577966767.150,0,0
1577966767.367,0,0
1577966767.583,0,0
1577966767.797,0,0
1577966768.014,0,0
1577966768.230,0,0
1577966768.446,0,0
1577966768.665,0,0
1577966768.885,0,0
1577966769.100,0,0
1577966769.318,0,0
1577966769.536,0,0
1577966769.752,0,0
1577966769.966,0,0
1577966770.181,0,0
1577966770.396,0,0
1577966770.615,0,0
1577966770.835,0,0
1577966771.054,0,0
1577966771.272,0,0
1577966771.491,0,0
1577966771.708,0,0
1577966771.927,0,0
1577966772.144,0,0
1577966772.362,0,0
1577966772.578,0,0
1577966772.796,0,0
1577966773.012,0,0
1577966773.231,0,0
1577966773.453,0,0
1577966773.669,0,0
1577966773.886,0,0
1577966774.102,0,0
1577966774.317,0,0
1577966774.536,0,0
1577966774.759,0,0
1577966774.975,0,0
1577966775.193,0,0
1577966775.411,0,0
1577966775.630,0,0
1577966775.846,0,0
1577966776.063,0,0
1577966776.280,0,0
1577966776.500,0,0
1577966776.714,0,0
1577966776.931,0,0
1577966777.151,0,0
1577966777.372,0,0
1577966777.588,0,0
1577966777.804,0,0
1577966778.024,0,0
1577966778.244,0,0
1577966778.462,0,0
1577966778.682,0,0
1577966778.900,0,0
1577966779.118,0,0
1577966779.334,0,0
1577966779.551,0,0
1577966779.766,0,0
1577966779.981,0,0
1577966780.198,0,0
1577966780.416,0,0
1577966780.633,0,0
1577966780.855,0,0
1577966781.071,0,0
1577966781.290,0,0
1577966781.506,0,0
1577966781.723,0,0
1577966781.942,0,0
1577966782.161,0,0
1577966782.380,0,0
1577966782.600,0,0
1577966782.818,0,0
1577966783.035,0,0
1577966783.251,0,0
1577966783.467,0,0
1577966783.681,0,0
1577966783.895,0,0
1577966784.111,0,0
1577966784.325,0,0
1577966784.545,0,0
1577966784.765,0,0
1577966784.981,0,0
1577966785.197,0,0
1577966785.414,0,0
1577966785.634,0,0
1577966785.855,0,0
1577966786.075,0,0
1577966786.295,0,0
1577966786.508,0,0
1577966786.726,0,0
1577966786.941,0,0
1577966787.157,0,0
1577966787.372,0,0
1577966787.588,0,0
1577966787.804,0,0
1577966788.021,0,0
1577966788.237,0,0
1577966788.451,0,0
1577966788.667,0,0
1577966788.886,0,0
1577966789.105,0,0
1577966789.321,0,0
1577966789.539,0,0
1577966789.759,0,0
1577966789.978,0,0
1577966790.194,0,0
1577966790.413,0,0
1577966790.631,0,0
1577966790.848,0,0
1577966791.067,0,0
1577966791.285,0,0
1577966791.504,0,0
1577966791.721,0,0
1577966791.940,0,0
1577966792.160,0,0
1577966792.380,0,0
1577966792.599,0,0
1577966792.816,0,0
1577966793.035,0,0
1577966793.254,0,0
1577966793.474,0,0
1577966793.694,0,0
1577966793.908,0,0
1577966794.124,0,0
1577966794.340,0,0
1577966794.558,0,0
1577966794.773,0,0
1577966794.989,0,0
1577966795.204,0,0
1577966795.420,0,0
1577966795.639,0,0
1577966795.857,0,0
1577966796.073,0,0
1577966796.289,0,0
1577966796.505,0,0
1577966796.721,0,0
1577966796.941,0,0
1577966797.157,0,0
1577966797.372,0,0
1577966797.587,0,0
1577966797.804,0,0
1577966798.018,0,0
1577966798.236,0,0
1577966798.455,0,0
1577966798.671,0,0
1577966798.887,0,0
1577966799.106,0,0
1577966799.325,0,0
1577966799.541,0,0
1577966799.758,0,0
1577966799.971,0,0
1577966800.186,0,0
1577966800.402,0,0
1577966800.622,0,0
1577966800.838,0,0
1577966801.055,0,0
1577966801.273,0,0
1577966801.490,0,0
1577966801.706,0,0
1577966801.925,0,0
1577966802.142,0,0
1577966802.359,0,0
1577966802.577,0,0
1577966802.796,0,0
1577966803.014,0,0
1577966803.236,0,0
1577966803.456,0,0
1577966803.672,0,0
1577966803.886,0,0
1577966804.101,0,0
1577966804.319,0,0
1577966804.533,0,0
1577966804.748,0,0
1577966804.965,0,0
1577966805.179,0,0
1577966805.396,0,0
1577966805.613,0,0
1577966805.829,0,0
1577966806.045,0,0
1577966806.260,0,0
1577966806.475,0,0
1577966806.698,0,0
1577966806.920,0,0
1577966807.136,0,0
1577966807.355,0,0
1577966807.570,0,0
1577966807.788,0,0
1577966808.005,0,0
1577966808.220,0,0
1577966808.434,0,0
1577966808.650,0,0
1577966808.868,0,0
1577966809.084,0,0
1577966809.303,0,0
1577966809.519,0,0
1577966809.738,0,0
1577966809.958,0,0
1577966810.176,0,0
1577966810.395,0,0
1577966810.615,0,0
1577966810.833,0,0
1577966811.054,0,0
1577966811.272,0,0
1577966811.492,0,0
1577966811.709,0,0
1577966811.926,0,0
1577966812.144,0,0
1577966812.360,0,0
1577966812.576,0,0
1577966812.797,0,0
1577966813.014,0,0
1577966813.232,0,0
1577966813.450,0,0
1577966813.667,0,0
1577966813.885,0,0
1577966814.100,0,0
1577966814.315,0,0
1577966814.530,0,0
1577966814.749,0,0
1577966814.966,0,0
1577966815.182,0,0
1577966815.398,0,0
1577966815.619,0,0
1577966815.839,0,0
1577966816.058,0,0
1577966816.276,0,0
1577966816.494,0,0
1577966816.714,0,0
1577966816.927,0,0
1577966817.142,0,0
1577966817.357,0,0
1577966817.573,0,0
1577966817.793,0,0
1577966818.009,0,0
1577966818.228,0,0
1577966818.446,0,0
1577966818.665,0,0
1577966818.882,0,0
1577966819.103,0,0
1577966819.321,0,0
1577966819.540,0,0
1577966819.756,0,0
1577966819.971,0,0
1577966820.194,0,0
1577966820.414,0,0
1577966820.632,0,0
1577966820.851,0,0
1577966821.070,0,0
1577966821.291,0,0
1577966821.510,0,0
1577966821.728,0,0
1577966821.944,0,0
1577966822.162,0,0
1577966822.385,0,0
1577966822.606,0,0
1577966822.823,0,0
1577966823.041,0,0
1577966823.261,0,0
1577966823.479,0,0
1577966823.695,0,0
1577966823.914,0,0
1577966824.131,0,0
1577966824.347,0,0
1577966824.569,0,0
1577966824.791,0,0
1577966825.009,0,0
1577966825.228,0,0
1577966825.447,0,0
1577966825.669,0,0
1577966825.888,0,0
1577966826.107,0,0
1577966826.326,0,0
1577966826.542,0,0
1577966826.758,0,0
1577966826.976,0,0
1577966827.194,0,0
1577966827.415,0,0
1577966827.633,0,0
1577966827.852,0,0
1577966828.075,0,0
1577966828.296,0,0
1577966828.514,0,0
1577966828.735,0,0
1577966828.956,0,0
1577966829.174,0,0
1577966829.391,0,0
1577966829.608,0,0
1577966829.830,0,0
1577966830.049,0,0
1577966830.263,0,0
1577966830.478,0,0
1577966830.695,0,0
1577966830.914,0,0
1577966831.136,0,0
1577966831.356,0,0
1577966831.574,0,0
1577966831.793,0,0
1577966832.014,0,0
1577966832.231,0,0
1577966832.450,0,0
1577966832.668,0,0
1577966832.884,0,0
1577966833.100,0,0
1577966833.315,0,0
1577966833.534,0,0
1577966833.756,0,0
1577966833.972,0,0
1577966834.191,0,0
1577966834.414,0,0
1577966834.636,0,0
1577966834.855,0,0
1577966835.072,0,0
1577966835.292,0,0
1577966835.506,0,0
1577966835.722,0,0
1577966835.940,0,0
1577966836.157,0,0
1577966836.373,0,0
1577966836.589,0,0
1577966836.806,0,0
1577966837.022,0,0
1577966837.245,0,0
1577966837.469,0,0
1577966837.687,0,0
1577966837.908,0,0
1577966838.125,0,0
1577966838.344,0,0
1577966838.561,0,0
1577966838.779,0,0
1577966838.994,0,0
1577966839.209,0,0
1577966839.424,0,0
1577966839.645,0,0
1577966839.859,0,0
1577966840.082,0,0
1577966840.301,0,0
1577966840.516,0,0
1577966840.734,0,0
1577966840.951,0,0
1577966841.167,0,0
1577966841.384,0,0
1577966841.597,0,0
1577966841.812,0,0
1577966842.030,0,0
1577966842.249,0,0
1577966842.465,0,0
1577966842.682,0,0
1577966842.902,0,0
1577966843.121,0,0
1577966843.338,0,0
1577966843.556,0,0
1577966843.776,0,0
1577966843.995,0,0
1577966844.213,0,0
1577966844.433,0,0
1577966844.656,0,0
1577966844.876,0,0
1577966845.094,0,0
1577966845.314,0,0
1577966845.530,0,0
1577966845.746,0,0
1577966845.960,0,0
1577966846.175,0,0
1577966846.394,0,0
1577966846.608,0,0
1577966846.823,0,0
1577966847.042,0,0
1577966847.258,0,0
1577966847.472,0,0
1577966847.695,0,0
1577966847.913,0,0
1577966848.130,0,0
1577966848.346,0,0
1577966848.561,0,0
1577966848.778,0,0
1577966848.995,0,0
1577966849.210,0,0
1577966849.426,0,0
1577966849.650,0,0
1577966849.870,0,0
1577966850.092,0,0
1577966850.311,0,0
1577966850.527,0,0
1577966850.743,0,0
1577966850.963,0,0
1577966851.180,0,0
1577966851.395,0,0
1577966851.613,0,0
1577966851.831,0,0
1577966852.048,0,0
1577966852.264,0,0
1577966852.486,0,0
1577966852.701,0,0
1577966852.917,0,0
1577966853.140,0,0
1577966853.359,0,0
1577966853.579,0,0
1577966853.797,0,0
1577966854.018,0,0
1577966854.237,0,0
1577966854.456,0,0
1577966854.674,0,0
1577966854.888,0,0
1577966855.107,0,0
1577966855.327,0,0
1577966855.549,0,0
1577966855.765,0,0
1577966855.984,0,0
1577966856.204,0,0
1577966856.424,0,0
1577966856.645,0,0
1577966856.864,0,0
1577966857.084,0,0
1577966857.300,0,0
1577966857.516,0,0
1577966857.733,0,0
1577966857.953,0,0
1577966858.174,0,0
1577966858.391,0,0
1577966858.608,0,0
1577966858.823,0,0
1577966859.043,0,0
1577966859.264,0,0
1577966859.480,0,0
1577966859.698,0,0
1577966859.914,0,0
1577966860.130,0,0
1577966860.344,0,0
1577966860.562,0,0
1577966860.782,0,0
1577966861.003,0,0
1577966861.221,0,0
1577966861.440,0,0
1577966861.656,0,0
1577966861.876,0,0
1577966862.095,0,0
1577966862.314,0,0
1577966862.530,0,0
1577966862.749,0,0
1577966862.970,0,0
1577966863.192,0,0
1577966863.413,0,0
1577966863.633,0,0
1577966863.850,0,0
1577966864.067,0,0
1577966864.286,0,0
1577966864.503,0,0
1577966864.719,0,0
1577966864.940,0,0
1577966865.156,0,0
1577966865.373,0,0
1577966865.590,0,0
1577966865.806,0,0
1577966866.025,0,0
1577966866.242,0,0
1577966866.462,0,0
1577966866.681,0,0
1577966866.899,0,0
1577966867.116,0,0
1577966867.334,0,0
1577966867.551,0,0
1577966867.770,0,0
1577966867.990,0,0
1577966868.213,0,0
1577966868.431,0,0
1577966868.653,0,0
1577966868.871,0,0
1577966869.092,0,0
1577966869.312,0,0
1577966869.532,0,0
1577966869.753,0,0
1577966869.968,0,0
1577966870.182,0,0
1577966870.400,0,0
1577966870.616,0,0
1577966870.836,0,0
1577966871.053,0,0
1577966871.270,0,0
1577966871.490,0,0
1577966871.706,0,0
1577966871.927,0,0
1577966872.145,0,0
1577966872.361,0,0
1577966872.580,0,0
1577966872.800,0,0
1577966873.022,0,0
1577966873.238,0,0
1577966873.457,0,0
1577966873.676,0,0
1577966873.892,0,0
1577966874.109,0,0
1577966874.325,0,0
1577966874.542,0,0
1577966874.763,0,0
1577966874.982,0,0
1577966875.196,0,0
1577966875.415,0,0
1577966875.636,0,0
1577966875.855,0,0
1577966876.073,0,0
1577966876.293,0,0
1577966876.510,0,0
1577966876.726,0,0
1577966876.945,0,0
1577966877.160,0,0
1577966877.376,0,0
1577966877.592,0,0
1577966877.808,0,0
1577966878.027,0,0
1577966878.245,0,0
1577966878.461,0,0
1577966878.677,0,0
1577966878.891,0,0
1577966879.103,0,0
1577966879.321,0,0
1577966879.538,0,0
1577966879.756,0,0
1577966879.974,0,0
1577966880.189,0,0
1577966880.405,0,0
1577966880.621,0,0
1577966880.837,0,0
1577966881.055,0,0
1577966881.274,0,0
1577966881.491,0,0
1577966881.706,0,0
1577966881.924,0,0
1577966882.146,0,0
1577966882.361,0,0
1577966882.577,0,0
1577966882.796,0,0
1577966883.012,0,0
1577966883.231,0,0
1577966883.451,0,0
1577966883.670,0,0
1577966883.887,0,0
1577966884.106,0,0
1577966884.325,0,0
1577966884.545,0,0
1577966884.769,0,0
1577966884.986,0,0
1577966885.204,0,0
1577966885.421,0,0
1577966885.642,0,0
1577966885.859,0,0
1577966886.076,0,0
1577966886.296,0,0
1577966886.513,0,0
1577966886.729,0,0
1577966886.946,0,0
1577966887.163,0,0
1577966887.380,0,0
1577966887.598,0,0
1577966887.814,0,0
1577966888.033,0,0
1577966888.254,0,0
1577966888.471,0,0
1577966888.689,0,0
1577966888.911,0,0
1577966889.132,0,0
1577966889.353,0,0
1577966889.571,0,0
1577966889.787,0,0
1577966890.006,0,0
1577966890.225,0,0
1577966890.444,0,0
1577966890.658,0,0
1577966890.873,0,0
1577966891.088,0,0
1577966891.301,0,0
1577966891.515,0,0
1577966891.730,0,0
1577966891.947,0,0
1577966892.166,0,0
1577966892.380,0,0
1577966892.597,0,0
1577966892.815,0,0
1577966893.030,0,0
1577966893.248,0,0
1577966893.465,0,0
1577966893.679,0,0
1577966893.894,0,0
1577966894.110,0,0
1577966894.326,0,0
1577966894.544,0,0
1577966894.763,0,0
1577966894.981,0,0
1577966895.203,0,0
1577966895.420,0,0
1577966895.639,0,0
1577966895.856,0,0
1577966896.075,0,0
1577966896.296,0,0
1577966896.515,0,0
1577966896.731,0,0
1577966896.950,0,0
1577966897.171,0,0
1577966897.388,0,0
1577966897.607,0,0
1577966897.825,0,0
1577966898.043,0,0
1577966898.266,0,0
1577966898.488,0,0
1577966898.705,0,0
1577966898.922,0,0
1577966899.139,0,0
1577966899.356,0,0
1577966899.575,0,0
1577966899.793,0,0
1577966900.009,0,0
1577966900.229,0,0
1577966900.448,0,0
1577966900.665,0,0
1577966900.880,0,0
1577966901.101,0,0
1577966901.321,0,0
1577966901.537,0,0
1577966901.755,0,0
1577966901.974,0,0
1577966902.194,0,0
1577966902.413,0,0
1577966902.627,0,0
1577966902.845,0,0
1577966903.064,0,0
1577966903.280,0,0
1577966903.497,0,0
1577966903.716,0,0
1577966903.933,0,0
1577966904.151,0,0
1577966904.375,0,0
1577966904.593,0,0
1577966904.814,0,0
1577966905.030,0,0
1577966905.249,0,0
1577966905.464,0,0
1577966905.679,0,0
1577966905.894,0,0
1577966906.113,0,0
1577966906.327,0,0
1577966906.543,0,0
1577966906.763,0,0
1577966906.977,0,0
1577966907.195,0,0
1577966907.410,0,0
1577966907.625,0,0
1577966907.847,0,0
1577966908.073,0,0
1577966908.295,0,0
1577966908.514,0,0
1577966908.730,0,0
1577966908.950,0,0
1577966909.170,0,0
1577966909.388,0,0
1577966909.606,0,0
1577966909.822,0,0
1577966910.041,0,0
1577966910.258,0,0
1577966910.477,0,0
1577966910.695,0,0
1577966910.909,0,0
1577966911.127,0,0
1577966911.345,0,0
1577966911.564,0,0
1577966911.783,0,0
1577966911.998,0,0
1577966912.213,0,0
1577966912.430,0,0
1577966912.647,0,0
1577966912.866,0,0
1577966913.087,0,0
1577966913.306,0,0
1577966913.521,0,0
1577966913.740,0,0
1577966913.957,0,0
1577966914.176,0,0
1577966914.395,0,0
1577966914.613,0,0
1577966914.831,0,0
1577966915.051,0,0
1577966915.264,0,0
1577966915.481,0,0
1577966915.700,0,0
1577966915.923,0,0
1577966916.136,0,0
1577966916.352,0,0
1577966916.568,0,0
1577966916.786,0,0
1577966917.003,0,0
1577966917.223,0,0
1577966917.440,0,0
1577966917.658,0,0
1577966917.879,0,0
1577966918.095,0,0
1577966918.313,0,0
1577966918.531,0,0
1577966918.752,0,0
1577966918.969,0,0
1577966919.186,0,0
1577966919.405,0,0
1577966919.625,0,0
1577966919.842,0,0
1577966920.060,0,0
1577966920.277,0,0
1577966920.495,0,0
1577966920.710,0,0
1577966920.929,0,0
1577966921.146,0,0
1577966921.361,0,0
1577966921.576,0,0
1577966921.794,0,0
1577966922.010,0,0
1577966922.226,0,0
1577966922.444,0,0
1577966922.665,0,0
1577966922.885,0,0
1577966923.100,0,0
1577966923.319,0,0
1577966923.537,0,0
1577966923.756,0,0
1577966923.976,0,0
1577966924.197,0,0
1577966924.413,0,0
1577966924.630,0,0
1577966924.848,0,0
1577966925.065,0,0
1577966925.294,0,0
1577966925.512,0,0
1577966925.732,0,0
1577966925.952,0,0
1577966926.168,0,0
1577966926.385,0,0
1577966926.600,0,0
1577966926.816,0,0
1577966927.035,0,0
1577966927.254,0,0
1577966927.471,0,0
1577966927.694,0,0
1577966927.912,0,0
1577966928.133,0,0
1577966928.352,0,0
1577966928.566,0,0
1577966928.784,0,0
1577966929.000,0,0
1577966929.217,0,0
1577966929.434,0,0
1577966929.649,0,0
1577966929.862,0,0
1577966930.076,0,0
1577966930.293,0,0
1577966930.508,0,0
1577966930.725,0,0
1577966930.945,0,0
1577966931.166,0,0
1577966931.385,0,0
1577966931.603,0,0
1577966931.824,0,0
1577966932.045,0,0
1577966932.260,0,0
1577966932.475,0,0
1577966932.692,0,0
1577966932.912,0,0
1577966933.134,0,0
1577966933.355,0,0
1577966933.574,0,0
1577966933.791,0,0
1577966934.009,0,0
1577966934.229,0,0
1577966934.447,0,0
1577966934.664,0,0
1577966934.884,0,0
1577966935.100,0,0
1577966935.313,0,0
1577966935.529,0,0
1577966935.743,0,0
1577966935.957,0,0
1577966936.172,0,0
1577966936.390,0,0
1577966936.605,0,0
1577966936.826,0,0
1577966937.043,0,0
1577966937.260,0,0
1577966937.477,0,0
1577966937.695,0,0
1577966937.913,0,0
1577966938.129,0,0
1577966938.346,0,0
1577966938.564,0,0
1577966938.780,0,0
1577966938.998,0,0
1577966939.212,0,0
1577966939.426,0,0
1577966939.647,0,0
1577966939.865,0,0
1577966940.084,0,0
1577966940.304,0,0
1577966940.518,0,0
1577966940.736,0,0
1577966940.954,0,0
1577966941.173,0,0
1577966941.389,0,0
1577966941.606,0,0
1577966941.822,0,0
1577966942.041,0,0
1577966942.257,0,0
1577966942.481,0,0
1577966942.702,0,0
1577966942.919,0,0
1577966943.143,0,0
1577966943.356,0,0
1577966943.571,0,0
1577966943.789,0,0
1577966944.007,0,0
1577966944.225,0,0
1577966944.444,0,0
1577966944.660,0,0
1577966944.876,0,0
1577966945.091,0,0
1577966945.305,0,0
1577966945.522,0,0
1577966945.744,0,0
1577966945.964,0,0
1577966946.182,0,0
1577966946.398,0,0
1577966946.615,0,0
1577966946.835,0,0
1577966947.054,0,0
1577966947.272,0,0
1577966947.490,0,0
1577966947.705,0,0
1577966947.923,0,0
1577966948.141,0,0
1577966948.358,0,0
1577966948.573,0,0
1577966948.789,0,0
1577966949.005,0,0
1577966949.221,0,0
1577966949.435,0,0
1577966949.650,0,0
1577966949.866,0,0
1577966950.084,0,0
1577966950.300,0,0
1577966950.517,0,0
1577966950.735,0,0
1577966950.955,0,0
1577966951.173,0,0
1577966951.392,0,0
1577966951.613,0,0
1577966951.831,0,0
1577966952.053,0,0
1577966952.270,0,0
1577966952.490,0,0
1577966952.705,0,0
1577966952.926,0,0
1577966953.146,0,0
1577966953.363,0,0
1577966953.581,0,0
1577966953.800,0,0
1577966954.019,0,0
1577966954.239,0,0
1577966954.457,0,0
1577966954.672,0,0
1577966954.887,0,0
1577966955.103,0,0
1577966955.323,0,0
1577966955.540,0,0
1577966955.759,0,0
1577966955.976,0,0
1577966956.195,0,0
1577966956.410,0,0
1577966956.625,0,0
1577966956.839,0,0
1577966957.057,0,0
1577966957.276,0,0
1577966957.495,0,0
1577966957.710,0,0
1577966957.927,0,0
1577966958.146,0,0
1577966958.363,0,0
1577966958.578,0,0
1577966958.794,0,0
1577966959.012,0,0
1577966959.234,0,0
1577966959.454,0,0
1577966959.674,0,0
1577966959.894,0,0
1577966960.110,0,0
1577966960.326,0,0
1577966960.545,0,0
1577966960.765,0,0
1577966960.984,0,0
1577966961.200,0,0
1577966961.421,0,0
1577966961.639,0,0
1577966961.858,0,0
1577966962.071,0,0
1577966962.290,0,0
1577966962.506,0,0
1577966962.721,0,0
1577966962.937,0,0
1577966963.155,0,0
1577966963.371,0,0
1577966963.587,0,0
1577966963.806,0,0
1577966964.025,0,0
1577966964.240,0,0
1577966964.456,0,0
1577966964.673,0,0
1577966964.888,0,0
1577966965.108,0,0
1577966965.326,0,0
1577966965.546,0,0
1577966965.765,0,0
1577966965.984,0,0
1577966966.199,0,0
1577966966.414,0,0
1577966966.631,0,0
1577966966.856,0,0
1577966967.075,0,0
1577966967.291,0,0
1577966967.505,0,0
1577966967.719,0,0
1577966967.937,0,0
1577966968.155,0,0
1577966968.372,0,0
1577966968.586,0,0
1577966968.803,0,0
1577966969.020,0,0
1577966969.236,0,0
1577966969.454,0,0
1577966969.675,0,0
1577966969.892,0,0
1577966970.111,0,0
1577966970.332,0,0
1577966970.554,0,0
1577966970.773,0,0
1577966970.990,0,0
1577966971.209,0,0
1577966971.426,0,0
1577966971.644,0,0
1577966971.864,0,0
1577966972.082,0,0
1577966972.301,0,0
1577966972.519,0,0
1577966972.739,0,0
1577966972.953,0,0
1577966973.171,0,0
1577966973.392,0,0
1577966973.608,0,0
1577966973.824,0,0
1577966974.039,0,0
1577966974.254,0,0
1577966974.472,0,0
1577966974.692,0,0
1577966974.907,0,0
1577966975.126,0,0
1577966975.344,0,0
1577966975.560,0,0
1577966975.775,0,0
1577966975.991,0,0
1577966976.208,0,0
1577966976.423,0,0
1577966976.644,0,0
1577966976.863,0,0
1577966977.080,0,0
1577966977.298,0,0
1577966977.515,0,0
1577966977.733,0,0
1577966977.951,0,0
1577966978.172,0,0
1577966978.394,0,0
1577966978.613,0,0
1577966978.833,0,0
1577966979.054,0,0
1577966979.273,0,0
1577966979.490,0,0
1577966979.707,0,0
1577966979.925,0,0
1577966980.141,0,0
1577966980.357,0,0
1577966980.576,0,0
1577966980.792,0,0
1577966981.010,0,0
1577966981.230,0,0
1577966981.450,0,0
1577966981.669,0,0
1577966981.885,0,0
1577966982.100,0,0
1577966982.319,0,0
1577966982.536,0,0
1577966982.750,0,0
1577966982.966,0,0
1577966983.185,0,0
1577966983.399,0,0
1577966983.619,0,0
1577966983.834,0,0
1577966984.050,0,0
1577966984.270,0,0
1577966984.489,0,0
1577966984.705,0,0
1577966984.919,0,0
1577966985.133,0,0
1577966985.352,0,0
1577966985.567,0,0
1577966985.785,0,0
1577966986.006,0,0
1577966986.222,0,0
1577966986.439,0,0
1577966986.654,0,0
1577966986.871,0,0
1577966987.086,0,0
1577966987.305,0,0
1577966987.523,0,0
1577966987.736,0,0
1577966987.951,0,0
1577966988.173,0,0
1577966988.391,0,0
1577966988.613,0,0
1577966988.830,0,0
1577966989.052,0,0
1577966989.272,0,0
1577966989.489,0,0
1577966989.706,0,0
1577966989.921,0,0
1577966990.136,0,0
1577966990.354,0,0
1577966990.570,0,0
1577966990.788,0,0
1577966991.005,0,0
1577966991.219,0,0
1577966991.436,0,0
1577966991.653,0,0
1577966991.870,0,0
1577966992.091,0,0
1577966992.308,0,0
1577966992.525,0,0
1577966992.742,0,0
1577966992.962,0,0
1577966993.176,0,0
1577966993.391,0,0
1577966993.606,0,0
1577966993.822,0,0
1577966994.038,0,0
1577966994.256,0,0
1577966994.475,0,0
1577966994.694,0,0
1577966994.914,0,0
1577966995.135,0,0
1577966995.354,0,0
1577966995.578,0,0
1577966995.796,0,0
1577966996.014,0,0
1577966996.234,0,0
1577966996.455,0,0
1577966996.672,0,0
1577966996.892,0,0
1577966997.109,0,0
1577966997.328,0,0
1577966997.544,0,0
1577966997.765,0,0
1577966997.985,0,0
1577966998.203,0,0
1577966998.420,0,0
1577966998.638,0,0
1577966998.856,0,0
1577966999.075,0,0
1577966999.293,0,0
1577966999.513,0,0
1577966999.733,0,0
1577966999.953,0,0
1577967000.171,0,0
1577967000.392,0,0
1577967000.607,0,0
1577967000.826,0,0
1577967001.045,0,0
1577967001.262,0,0
1577967001.484,0,0
1577967001.705,0,0
1577967001.928,0,0
1577967002.142,0,0
1577967002.364,0,0
1577967002.580,0,0
1577967002.799,0,0
1577967003.017,0,0
1577967003.239,0,0
1577967003.460,0,0
1577967003.681,0,0
1577967003.903,0,0
1577967004.124,0,0
1577967004.348,0,0
1577967004.569,0,0
1577967004.785,0,0
1577967005.002,0,0
1577967005.219,0,0
1577967005.435,0,0
1577967005.653,0,0
1577967005.872,0,0
1577967006.090,0,0
1577967006.312,0,0
1577967006.534,0,0
1577967006.754,0,0
1577967006.970,0,0
1577967007.185,0,0
1577967007.400,0,0
1577967007.619,0,0
1577967007.838,0,0
1577967008.074,0,0
1577967008.295,0,0
1577967008.511,0,0
1577967008.726,0,0
1577967008.942,0,0
1577967009.159,0,0
1577967009.379,0,0
1577967009.598,0,0
1577967009.821,0,0
1577967010.039,0,0
1577967010.257,0,0
1577967010.475,0,0
1577967010.693,0,0
1577967010.910,0,0
1577967011.128,0,0
1577967011.347,0,0
1577967011.564,0,0
1577967011.782,0,0
1577967012.002,0,0
1577967012.220,0,0
1577967012.440,0,0
1577967012.660,0,0
1577967012.877,0,0
1577967013.097,0,0
1577967013.320,0,0
1577967013.542,0,0
1577967013.761,0,0
1577967013.980,0,0
1577967014.198,0,0
1577967014.419,0,0
1577967014.636,0,0
1577967014.856,0,0
1577967015.080,0,0
1577967015.306,0,0
1577967015.528,0,0
1577967015.746,0,0
1577967015.963,0,0
1577967016.182,0,0
1577967016.403,0,0
1577967016.624,0,0
1577967016.840,0,0
1577967017.059,0,0
1577967017.274,0,0
1577967017.494,0,0
1577967017.716,0,0
1577967017.930,0,0
1577967018.147,0,0
1577967018.364,0,0
1577967018.581,0,0
1577967018.797,0,0
1577967019.015,0,0
1577967019.229,0,0
1577967019.443,0,0
1577967019.662,0,0
1577967019.880,0,0
1577967020.097,0,0
1577967020.312,0,0
1577967020.530,0,0
1577967020.745,0,0
1577967020.960,0,0
1577967021.180,0,0
1577967021.398,0,0
1577967021.616,0,0
1577967021.836,0,0
1577967022.056,0,0
1577967022.275,0,0
1577967022.492,0,0
1577967022.714,0,0
1577967022.928,0,0
1577967023.152,0,0
1577967023.370,0,0
1577967023.586,0,0
1577967023.803,0,0
1577967024.019,0,0
1577967024.236,0,0
1577967024.454,0,0
1577967024.674,0,0
1577967024.891,0,0
1577967025.109,0,0
1577967025.327,0,0
1577967025.544,0,0
1577967025.759,0,0
1577967025.974,0,0
1577967026.193,0,0
1577967026.410,0,0
1577967026.630,0,0
1577967026.853,0,0
1577967027.072,0,0
1577967027.284,0,0
1577967027.500,0,0
1577967027.720,0,0
1577967027.939,0,0
1577967028.154,0,0
1577967028.370,0,0
1577967028.582,0,0
1577967028.798,0,0
1577967029.014,0,0
1577967029.229,0,0
1577967029.445,0,0
1577967029.668,0,0
1577967029.887,0,0
1577967030.105,0,0
1577967030.322,0,0
1577967030.544,0,0
1577967030.763,0,0
1577967030.980,0,0
1577967031.193,0,0
1577967031.412,0,0
1577967031.629,0,0
1577967031.848,0,0
1577967032.065,0,0
1577967032.279,0,0
1577967032.497,0,0
1577967032.714,0,0
1577967032.934,0,0
1577967033.155,0,0
1577967033.370,0,0
1577967033.588,0,0
1577967033.803,0,0
1577967034.019,0,0
1577967034.236,0,0
1577967034.454,0,0
1577967034.669,0,0
1577967034.889,0,0
1577967035.106,0,0
1577967035.325,0,0
1577967035.544,0,0
1577967035.763,0,0
1577967035.982,0,0
1577967036.196,0,0
1577967036.411,0,0
1577967036.632,0,0
1577967036.851,0,0
1577967037.067,0,0
1577967037.285,0,0
1577967037.500,0,0
1577967037.715,0,0
1577967037.935,0,0
1577967038.155,0,0
1577967038.374,0,0
1577967038.590,0,0
1577967038.810,0,0
1577967039.026,0,0
1577967039.243,0,0
1577967039.464,0,0
1577967039.681,0,0
1577967039.901,0,0
1577967040.118,0,0
1577967040.334,0,0
1577967040.550,0,0
1577967040.766,0,0
1577967040.983,0,0
1577967041.200,0,0
1577967041.422,0,0
1577967041.639,0,0
1577967041.858,0,0
1577967042.075,0,0
1577967042.290,0,0
1577967042.502,0,0
1577967042.716,0,0
1577967042.934,0,0
1577967043.154,0,0
1577967043.371,0,0
1577967043.586,0,0
1577967043.806,0,0
1577967044.024,0,0
1577967044.240,0,0
1577967044.457,0,0
1577967044.676,0,0
1577967044.894,0,0
1577967045.113,0,0
1577967045.333,0,0
1577967045.553,0,0
1577967045.771,0,0
1577967045.991,0,0
1577967046.212,0,0
1577967046.430,0,0
1577967046.647,0,0
1577967046.866,0,0
1577967047.085,0,0
1577967047.301,0,0
1577967047.519,0,0
1577967047.738,0,0
1577967047.953,0,0
1577967048.172,0,0
1577967048.391,0,0
1577967048.607,0,0
1577967048.825,0,0
1577967049.044,0,0
1577967049.259,0,0
1577967049.475,0,0
1577967049.694,0,0
1577967049.912,0,0
1577967050.127,0,0
1577967050.345,0,0
1577967050.565,0,0
1577967050.783,0,0
1577967051.004,0,0
1577967051.223,0,0
1577967051.440,0,0
1577967051.658,0,0
1577967051.877,0,0
1577967052.097,0,0
1577967052.315,0,0
1577967052.533,0,0
1577967052.750,0,0
1577967052.968,0,0
1577967053.186,0,0
1577967053.400,0,0
1577967053.613,0,0
1577967053.831,0,0
1577967054.051,0,0
1577967054.268,0,0
1577967054.483,0,0
1577967054.700,0,0
1577967054.919,0,0
1577967055.136,0,0
1577967055.352,0,0
1577967055.570,0,0
1577967055.788,0,0
1577967056.007,0,0
1577967056.226,0,0
1577967056.443,0,0
1577967056.657,0,0
1577967056.873,0,0
1577967057.089,0,0
1577967057.305,0,0
1577967057.530,0,0
1577967057.752,0,0
1577967057.969,0,0
1577967058.188,0,0
1577967058.408,0,0
1577967058.629,0,0
1577967058.844,0,0
1577967059.059,0,0
1577967059.273,0,0
1577967059.490,0,0
1577967059.706,0,0
1577967059.925,0,0
1577967060.140,0,0
1577967060.360,0,0
1577967060.584,0,0
1577967060.802,0,0
1577967061.018,0,0
1577967061.235,0,0
1577967061.453,0,0
1577967061.671,0,0
1577967061.885,0,0
1577967062.099,0,0
1577967062.314,0,0
1577967062.528,0,0
1577967062.750,0,0
1577967062.970,0,0
1577967063.185,0,0
1577967063.406,0,0
1577967063.625,0,0
1577967063.841,0,0
1577967064.059,0,0
1577967064.277,0,0
1577967064.496,0,0
1577967064.715,0,0
1577967064.935,0,0
1577967065.157,0,0
1577967065.376,0,0
1577967065.595,0,0
1577967065.810,0,0
1577967066.027,0,0
1577967066.249,0,0
1577967066.471,0,0
1577967066.690,0,0
1577967066.905,0,0
1577967067.121,0,0
1577967067.337,0,0
1577967067.552,0,0
1577967067.769,0,0
1577967067.989,0,0
1577967068.205,0,0
1577967068.425,0,0
1577967068.643,0,0
1577967068.859,0,0
1577967069.075,0,0
1577967069.293,0,0
1577967069.511,0,0
1577967069.732,0,0
1577967069.951,0,0
1577967070.167,0,0
1577967070.382,0,0
1577967070.602,0,0
1577967070.819,0,0
1577967071.037,0,0
1577967071.255,0,0
1577967071.470,1,1
1577967071.688,1,1
1577967071.909,1,1
1577967072.129,3,3
1577967072.343,3,3
1577967072.562,3,3
1577967072.779,4,4
1577967073.004,4,4
1577967073.221,4,4
1577967073.444,6,6
1577967073.664,6,6
1577967073.880,6,6
1577967074.096,6,6
1577967074.316,6,6
1577967074.535,6,6
1577967074.754,9,9
1577967074.970,9,9
1577967075.185,9,9
1577967075.400,9,9
1577967075.613,10,10
1577967075.831,10,10
1577967076.053,10,10
1577967076.274,10,10
1577967076.497,12,12
1577967076.712,12,12
1577967076.932,12,12
1577967077.158,12,12
1577967077.378,12,12
1577967077.594,12,12
1577967077.810,12,12
1577967078.024,13,13
1577967078.240,13,13
1577967078.457,13,13
1577967078.675,13,13
1577967078.900,14,14
1577967079.119,14,14
1577967079.339,14,14
1577967079.556,14,14
1577967079.770,16,15
1577967079.992,16,16
1577967080.209,17,17
1577967080.427,17,17
1577967080.645,17,17
1577967080.861,17,17
1577967081.077,17,17
1577967081.294,17,17
1577967081.509,19,19
1577967081.724,19,19
1577967081.940,19,19
1577967082.159,20,20
1577967082.375,20,20
1577967082.594,20,20
1577967082.809,22,22
1577967083.024,23,23
1577967083.240,23,23
1577967083.458,23,23
1577967083.673,23,23
1577967083.892,24,24
1577967084.106,24,24
1577967084.324,24,24
1577967084.542,25,25
1577967084.760,27,27
1577967085.000,27,27
1577967085.217,27,27
1577967085.434,27,27
1577967085.654,27,27
1577967085.870,28,28
1577967086.090,28,28
1577967086.309,29,29
1577967086.528,29,29
1577967086.746,29,29
1577967086.965,29,29
1577967087.185,29,29
1577967087.402,29,29
1577967087.619,29,29
1577967087.836,29,29
1577967088.065,31,31
1577967088.281,31,31
1577967088.496,31,31
1577967088.710,31,31
1577967088.928,31,31
1577967089.148,31,31
1577967089.369,33,33
1577967089.605,33,33
1577967089.819,33,33
1577967090.035,33,33
1577967090.255,34,34
1577967090.506,34,34
1577967090.722,34,34
1577967090.940,36,36
1577967091.157,36,36
1577967091.375,36,36
1577967091.595,36,36
1577967091.819,36,36
1577967092.038,37,37
1577967092.288,37,37
1577967092.505,37,37
1577967092.720,37,37
1577967092.939,37,37
1577967093.163,37,37
1577967093.384,38,38
1577967093.597,38,38
1577967093.813,38,38
1577967094.030,38,38
1577967094.245,38,38
1577967094.462,39,39
1577967094.687,40,40
1577967094.908,40,40
1577967095.128,40,40
1577967095.348,41,41
1577967095.567,41,41
1577967095.787,41,41
1577967096.004,41,41
1577967096.220,42,42
1577967096.437,42,42
1577967096.656,43,43
1577967096.881,44,44
1577967097.100,44,44
1577967097.319,44,44
1577967097.536,45,45
1577967097.752,45,45
1577967097.971,46,46
1577967098.191,46,46
1577967098.411,46,46
1577967098.632,46,46
1577967098.851,47,47
1577967099.104,47,47
1577967099.322,47,47
1577967099.538,47,47
1577967099.753,48,48
1577967099.970,48,48
1577967100.187,49,49
1577967100.405,50,50
1577967100.624,50,50
1577967100.839,50,50
1577967101.056,51,51
1577967101.277,53,53
1577967101.508,53,53
1577967101.725,53,53
1577967101.940,54,54
1577967102.157,54,54
1577967102.375,54,54
1577967102.594,54,54
1577967102.814,55,55
1577967103.033,56,56
1577967103.248,56,56
1577967103.464,56,56
1577967103.682,58,58
1577967103.922,58,58
1577967104.137,58,58
1577967104.354,58,58
1577967104.574,58,58
1577967104.787,58,58
1577967105.004,58,58
1577967105.218,58,58
1577967105.435,59,59
1577967105.652,60,60
1577967105.872,61,61
1577967106.090,62,62
1577967106.308,62,62
1577967106.524,62,62
1577967106.739,62,62
1577967106.952,62,62
1577967107.165,63,63
1577967107.381,64,64
1577967107.601,64,64
1577967107.817,64,64
1577967108.032,64,64
1577967108.248,64,64
1577967108.465,64,64
1577967108.685,64,64
1577967108.900,64,64
1577967109.116,64,64
1577967109.333,65,65
1577967109.556,66,66
1577967109.771,66,66
1577967109.985,66,66
1577967110.201,66,66
1577967110.415,66,66
1577967110.633,66,66
1577967110.853,68,68
1577967111.077,68,68
1577967111.295,68,68
1577967111.514,69,69
1577967111.734,69,69
1577967111.950,69,69
1577967112.167,70,70
1577967112.385,70,70
1577967112.600,70,70
1577967112.816,70,70
1577967113.031,70,70
1577967113.247,70,70
1577967113.465,70,70
1577967113.684,72,72
1577967113.902,72,72
1577967114.120,73,73
1577967114.336,73,73
1577967114.552,73,73
1577967114.769,74,74
1577967114.984,74,74
1577967115.199,75,75
1577967115.417,75,75
1577967115.631,76,76
1577967115.857,77,77
1577967116.074,77,77
1577967116.290,77,77
1577967116.507,78,78
1577967116.727,78,78
1577967116.943,78,78
1577967117.160,78,78
1577967117.378,78,78
1577967117.599,79,79
1577967117.815,79,79
1577967118.030,79,79
1577967118.249,79,79
1577967118.467,79,79
1577967118.687,79,79
1577967118.906,79,79
1577967119.124,80,80
1577967119.339,80,80
1577967119.553,81,81
1577967119.768,83,83
1577967119.987,83,83
1577967120.204,83,83
1577967120.418,84,84
1577967120.652,84,84
1577967120.870,86,86
1577967121.086,86,86
1577967121.307,86,86
1577967121.528,86,86
1577967121.745,86,86
1577967121.965,86,86
1577967122.188,87,87
1577967122.408,88,88
1577967122.626,88,88
1577967122.847,90,90
1577967123.067,90,90
1577967123.285,90,90
1577967123.508,90,90
1577967123.731,90,90
1577967123.951,91,91
1577967124.165,91,91
1577967124.380,91,91
1577967124.594,91,91
1577967124.814,91,91
1577967125.033,91,91
1577967125.253,91,91
1577967125.468,92,92
1577967125.688,92,92
1577967125.903,92,92
1577967126.118,92,92
1577967126.333,92,92
1577967126.549,92,92
1577967126.767,92,92
1577967126.986,93,93
1577967127.202,93,93
1577967127.421,94,94
1577967127.638,94,94
1577967127.853,94,94
1577967128.084,94,95
1577967128.341,95,95
1577967128.562,95,95
1577967128.778,95,95
1577967128.993,95,95
1577967129.212,95,95
1577967129.436,95,95
1577967129.659,95,95
1577967129.875,95,95
1577967130.096,95,95
1577967130.316,96,96
1577967130.536,96,96
1577967130.755,97,97
1577967130.970,99,98
1577967131.192,99,99
1577967131.408,99,99
1577967131.625,99,99
1577967131.847,99,99
1577967132.065,100,100
1577967132.285,100,100
1577967132.500,100,100
1577967132.717,100,100
1577967132.932,100,100
1577967133.151,100,100
1577967133.367,101,101
1577967133.582,101,101
1577967133.803,101,101
1577967134.023,101,101
1577967134.244,101,101
1577967134.461,102,102
1577967134.680,102,102
1577967134.894,102,102
1577967135.110,103,103
1577967135.328,104,104
1577967135.545,105,105
1577967135.765,105,105
1577967135.984,105,105
1577967136.199,105,105
1577967136.419,105,105
1577967136.637,105,105
1577967136.852,105,105
1577967137.071,105,105
1577967137.288,105,105
1577967137.505,105,105
1577967137.725,105,105
1577967137.944,105,105
1577967138.160,107,107
1577967138.387,107,107
1577967138.605,107,107
1577967138.825,107,107
1577967139.044,107,107
1577967139.265,107,107
1577967139.482,107,107
1577967139.698,107,107
1577967139.913,107,107
1577967140.126,108,108
1577967140.341,108,108
1577967140.557,108,108
1577967140.771,108,108
1577967140.992,108,108
1577967141.213,108,108
1577967141.430,108,108
1577967141.650,108,108
1577967141.865,108,108
1577967142.087,108,108
1577967142.305,109,109
1577967142.525,109,109
1577967142.747,109,109
1577967142.961,109,109
1577967143.183,109,109
1577967143.402,109,109
1577967143.620,109,109
1577967143.838,109,109
1577967144.054,110,110
1577967144.269,110,110
1577967144.487,110,110
1577967144.705,110,110
1577967144.924,110,110
1577967145.141,111,111
1577967145.377,111,111
1577967145.593,111,111
1577967145.809,111,111
1577967146.025,111,111
1577967146.238,111,111
1577967146.456,112,112
1577967146.673,112,112
1577967146.890,112,112
1577967147.108,112,112
1577967147.325,112,112
1577967147.539,112,112
1577967147.756,112,112
1577967147.975,112,112
1577967148.194,113,113
1577967148.409,113,113
1577967148.625,113,113
1577967148.841,113,113
1577967149.060,113,113
1577967149.277,113,113
1577967149.495,113,113
1577967149.717,113,113
1577967149.933,113,113
1577967150.155,113,113
1577967150.369,113,113
1577967150.590,113,113
1577967150.806,114,114
1577967151.021,114,114
1577967151.234,114,114
1577967151.449,114,114
1577967151.662,114,114
1577967151.876,114,114
1577967152.089,114,114
1577967152.303,115,115
1577967152.522,115,115
1577967152.738,115,115
1577967152.950,115,115
1577967153.165,115,115
1577967153.382,115,115
1577967153.597,115,115
1577967153.814,115,115
1577967154.033,115,115
1577967154.253,115,115
1577967154.472,115,115
1577967154.690,115,115
1577967154.906,115,115
1577967155.124,115,115
1577967155.343,115,115
1577967155.562,115,115
1577967155.777,115,115
1577967155.991,115,115
1577967156.207,115,115
1577967156.424,115,115
1577967156.641,115,115
1577967156.860,116,116
1577967157.099,116,116
1577967157.319,117,117
1577967157.556,117,117
1577967157.775,117,117
1577967157.991,117,117
1577967158.213,117,117
1577967158.431,117,117
1577967158.650,117,117
1577967158.869,117,117
1577967159.085,117,117
1577967159.302,117,117
1577967159.523,117,117
1577967159.739,118,118
1577967159.963,118,118
1577967160.180,120,120
1577967160.397,120,120
1577967160.615,120,120
1577967160.832,120,120
1577967161.049,120,120
1577967161.269,120,120
1577967161.490,120,120
1577967161.709,120,120
1577967161.932,120,120
1577967162.152,120,120
1577967162.371,120,120
1577967162.594,120,120
1577967162.810,120,120
1577967163.031,120,120
1577967163.250,120,120
1577967163.468,120,120
1577967163.685,120,120
1577967163.903,120,120
1577967164.125,120,120
1577967164.339,120,120
1577967164.560,120,120
1577967164.779,120,120
1577967164.995,120,120
1577967165.211,120,120
1577967165.427,120,120
1577967165.643,120,120
1577967165.859,120,120
1577967166.077,120,120
1577967166.293,120,120
1577967166.512,120,120
1577967166.728,120,120
1577967166.944,120,120
1577967167.159,120,120
1577967167.373,120,120
1577967167.593,120,120
1577967167.808,120,120
1577967168.021,120,120
1577967168.239,120,120
1577967168.454,120,120
1577967168.670,120,120
1577967168.890,120,120
1577967169.104,120,120
1577967169.318,120,120
1577967169.533,120,120
1577967169.750,120,120
1577967169.967,120,120
1577967170.184,120,120
1577967170.403,120,120
1577967170.621,120,120
1577967170.840,120,120
1577967171.057,120,120
1577967171.276,120,120
1577967171.495,120,120
1577967171.712,120,120
1577967171.937,120,120
1577967172.156,120,120
1577967172.371,120,120
1577967172.585,120,120
1577967172.800,120,120
1577967173.015,120,120
1577967173.228,120,120
1577967173.445,120,120
1577967173.663,120,120
1577967173.880,120,120
1577967174.102,120,120
1577967174.317,120,120
1577967174.535,120,120
1577967174.754,120,120
1577967174.973,120,120
1577967175.192,120,120
1577967175.412,120,120
1577967175.630,120,120
1577967175.850,120,120
1577967176.066,120,120
1577967176.281,120,120
1577967176.495,120,120
1577967176.711,120,120
1577967176.925,120,120
1577967177.141,120,120
1577967177.358,120,120
1577967177.576,120,120
1577967177.790,120,120
1577967178.010,120,120
1577967178.224,120,120
1577967178.439,120,120
1577967178.658,120,120
1577967178.878,120,120
1577967179.095,120,120
1577967179.314,120,120
1577967179.530,120,120
1577967179.749,120,120
1577967179.972,120,120
1577967180.193,120,120
1577967180.410,120,120
1577967180.628,120,120
1577967180.847,120,120
1577967181.065,120,120
1577967181.282,120,120
1577967181.504,120,120
1577967181.721,120,120
1577967181.938,120,120
1577967182.157,120,120
1577967182.372,120,120
1577967182.590,120,120
1577967182.809,120,120
1577967183.024,120,120
1577967183.240,120,120
1577967183.461,120,120
1577967183.682,120,120
1577967183.901,120,120
1577967184.115,120,120
1577967184.332,120,120
1577967184.547,120,120
1577967184.763,120,120
1577967184.979,120,120
1577967185.201,120,120
1577967185.417,120,120
1577967185.636,120,120
1577967185.855,120,120
1577967186.075,120,120
1577967186.294,120,120
1577967186.511,120,120
1577967186.728,120,120
1577967186.949,120,120
1577967187.169,120,120
1577967187.385,120,120
1577967187.605,120,120
1577967187.822,120,120
1577967188.038,120,120
1577967188.257,120,120
1577967188.474,120,120
1577967188.691,120,120
1577967188.907,120,120
1577967189.123,120,120
1577967189.339,120,120
1577967189.555,120,120
1577967189.769,120,120
1577967189.983,120,120
1577967190.198,120,120
1577967190.420,120,120
1577967190.638,120,120
1577967190.855,120,120
1577967191.073,120,120
1577967191.290,120,120
1577967191.507,120,120
1577967191.724,120,120
1577967191.939,120,120
1577967192.154,120,120
1577967192.374,120,120
1577967192.592,120,120
1577967192.808,120,120
1577967193.024,120,120
1577967193.242,120,120
1577967193.459,120,120
1577967193.677,120,120
1577967193.894,120,120
1577967194.115,120,120
1577967194.331,120,120
1577967194.547,120,120
1577967194.763,120,120
1577967194.983,120,120
1577967195.203,119,119
1577967195.444,119,119
1577967195.666,119,119
1577967195.891,119,119
1577967196.108,118,118
1577967196.341,118,118
1577967196.558,117,117
1577967196.823,117,117
1577967197.039,117,117
1577967197.258,117,117
1577967197.476,117,117
1577967197.699,116,116
1577967197.921,116,116
1577967198.144,116,116
1577967198.362,115,115
1577967198.580,115,115
1577967198.798,115,115
1577967199.014,115,115
1577967199.231,113,113
1577967199.456,113,113
1577967199.680,113,113
1577967199.901,113,113
1577967200.121,113,113
1577967200.338,113,113
1577967200.562,113,113
1577967200.786,111,111
1577967201.052,110,110
1577967201.273,109,109
1577967201.492,108,108
1577967201.711,108,108
1577967201.933,108,108
1577967202.152,108,108
1577967202.366,108,108
1577967202.585,108,108
1577967202.805,108,108
1577967203.024,108,108
1577967203.239,108,108
1577967203.456,107,107
1577967203.679,107,107
1577967203.896,106,106
1577967204.117,105,105
1577967204.390,104,104
1577967204.611,104,104
1577967204.828,104,104
1577967205.044,104,104
1577967205.257,104,104
1577967205.469,104,104
1577967205.685,102,102
1577967205.905,102,102
1577967206.122,101,101
1577967206.338,100,100
1577967206.553,100,100
1577967206.773,100,100
1577967206.992,100,100
1577967207.208,100,100
1577967207.424,100,100
1577967207.643,100,100
1577967207.861,99,99
1577967208.083,98,98
1577967208.338,98,98
1577967208.559,98,98
1577967208.780,98,98
1577967208.996,98,98
1577967209.211,97,97
1577967209.430,97,97
1577967209.657,96,96
1577967209.909,96,96
1577967210.128,96,96
1577967210.348,96,96
1577967210.564,96,96
1577967210.778,96,96
1577967210.993,96,96
1577967211.213,95,95
1577967211.432,94,94
1577967211.654,94,94
1577967211.872,94,94
1577967212.088,94,94
1577967212.303,94,94
1577967212.521,91,91
1577967212.797,91,91
1577967213.014,91,91
1577967213.233,89,89
1577967213.457,89,89
1577967213.671,89,89
1577967213.886,89,89
1577967214.104,89,89
1577967214.322,88,88
1577967214.539,86,86
1577967214.780,86,86
1577967214.996,86,86
1577967215.214,86,86
1577967215.432,86,86
1577967215.651,85,85
1577967215.870,85,85
1577967216.087,85,85
1577967216.304,84,84
1577967216.526,83,83
1577967216.772,83,83
1577967216.988,83,83
1577967217.204,83,83
1577967217.421,83,83
1577967217.640,83,83
1577967217.862,82,82
1577967218.086,82,82
1577967218.304,81,81
1577967218.519,81,81
1577967218.732,81,81
1577967218.949,80,80
1577967219.203,80,80
1577967219.423,80,80
1577967219.646,80,80
1577967219.864,80,80
1577967220.079,79,79
1577967220.296,79,79
1577967220.520,78,78
1577967220.792,78,78
1577967221.011,78,78
1577967221.230,78,78
1577967221.448,78,78
1577967221.661,77,77
1577967221.876,77,77
1577967222.096,77,77
1577967222.315,76,76
1577967222.537,75,75
1577967222.752,75,75
1577967222.971,74,74
1577967223.193,74,74
1577967223.414,74,74
1577967223.639,74,74
1577967223.858,72,73
1577967224.082,72,72
1577967224.300,72,72
1577967224.519,71,71
1577967224.735,70,70
1577967224.951,70,70
1577967225.167,70,70
1577967225.382,70,70
1577967225.605,70,70
1577967225.820,69,69
1577967226.036,69,69
1577967226.255,68,68
1577967226.548,67,68
1577967226.769,67,67
1577967226.987,67,67
1577967227.202,66,66
1577967227.421,66,66
1577967227.638,66,66
1577967227.862,65,65
1577967228.090,65,65
1577967228.305,65,65
1577967228.522,65,65
1577967228.738,65,65
1577967228.957,65,65
1577967229.172,65,65
1577967229.390,65,65
1577967229.610,63,63
1577967229.833,62,62
1577967230.048,62,62
1577967230.266,62,62
1577967230.487,62,62
1577967230.709,62,62
1577967230.930,61,61
1577967231.207,60,60
1577967231.440,59,59
1577967231.658,59,59
1577967231.875,59,59
1577967232.097,59,59
1577967232.319,58,58
1577967232.542,58,58
1577967232.763,58,58
1577967232.980,58,58
1577967233.202,56,57
1577967233.437,56,56
1577967233.655,56,56
1577967233.872,56,56
1577967234.088,55,55
1577967234.306,55,55
1577967234.520,54,54
1577967234.739,54,54
1577967234.956,54,54
1577967235.175,53,53
1577967235.393,53,53
1577967235.609,53,53
1577967235.826,53,53
1577967236.047,52,52
1577967236.300,52,52
1577967236.518,52,52
1577967236.735,51,51
1577967236.958,51,51
1577967237.175,51,51
1577967237.390,51,51
1577967237.605,51,51
1577967237.822,50,50
1577967238.045,49,49
1577967238.265,48,48
1577967238.485,48,48
1577967238.702,48,48
1577967238.921,48,48
1577967239.139,46,46
1577967239.393,46,46
1577967239.614,46,46
1577967239.832,46,46
1577967240.053,46,46
1577967240.272,46,46
1577967240.490,46,46
1577967240.713,43,43
1577967240.971,42,42
1577967241.217,42,42
1577967241.437,42,42
1577967241.656,42,42
1577967241.880,42,42
1577967242.112,42,42
1577967242.336,42,42
1577967242.558,42,42
1577967242.778,41,41
1577967243.037,41,41
1577967243.261,41,41
1577967243.485,40,40
1577967243.720,39,39
1577967243.940,39,39
1577967244.162,39,39
1577967244.381,39,39
1577967244.601,39,39
1577967244.820,37,37
1577967245.036,37,37
1577967245.258,37,37
1577967245.481,37,37
1577967245.706,37,37
1577967245.927,37,37
1577967246.148,37,37
1577967246.374,35,35
1577967246.646,35,35
1577967246.865,35,35
1577967247.083,35,35
1577967247.301,34,34
1577967247.517,34,34
1577967247.735,32,32
1577967247.969,32,32
1577967248.190,32,32
1577967248.408,30,30
1577967248.666,30,30
1577967248.885,30,30
1577967249.101,29,29
1577967249.322,29,29
1577967249.543,29,29
1577967249.758,29,29
1577967249.972,29,29
1577967250.186,28,28
1577967250.400,28,28
1577967250.617,28,28
1577967250.832,28,28
1577967251.052,28,28
1577967251.269,26,27
1577967251.492,26,26
1577967251.709,25,25
1577967251.986,24,24
1577967252.204,24,24
1577967252.422,24,24
1577967252.645,24,24
1577967252.864,23,23
1577967253.141,23,23
1577967253.361,22,22
1577967253.584,22,22
1577967253.803,21,21
1577967254.025,20,20
1577967254.243,20,20
1577967254.465,20,20
1577967254.684,20,20
1577967254.904,20,20
1577967255.119,20,20
1577967255.335,20,20
1577967255.558,20,20
1577967255.778,19,19
1577967255.999,17,17
1577967256.236,17,17
1577967256.458,17,17
1577967256.675,17,17
1577967256.893,17,17
1577967257.113,17,17
1577967257.334,16,16
1577967257.596,16,16
1577967257.810,16,16
1577967258.027,16,16
1577967258.246,16,16
1577967258.463,16,16
1577967258.683,16,16
1577967258.901,16,16
1577967259.120,16,16
1577967259.337,16,16
1577967259.557,16,16
1577967259.779,16,16
1577967260.002,16,16
1577967260.223,16,16
1577967260.438,16,16
1577967260.656,16,16
1577967260.874,16,16
1577967261.090,16,16
1577967261.308,16,16
1577967261.525,16,16
1577967261.742,15,15
1577967261.974,14,14
1577967262.195,14,14
1577967262.416,14,14
1577967262.639,14,14
1577967262.858,13,13
1577967263.076,13,13
1577967263.295,12,12
1577967263.512,12,12
1577967263.734,12,12
1577967263.957,12,12
1577967264.175,12,12
1577967264.393,11,11
1577967264.611,11,11
1577967264.825,11,11
1577967265.039,11,11
1577967265.254,11,11
1577967265.469,11,11
1577967265.687,11,11
1577967265.905,11,11
1577967266.124,11,11
1577967266.341,11,11
1577967266.562,11,11
1577967266.779,11,11
1577967266.997,9,9
1577967267.250,9,9
1577967267.467,9,9
1577967267.684,9,9
1577967267.901,9,9
1577967268.122,9,9
1577967268.341,9,9
1577967268.563,9,9
1577967268.782,9,9
1577967268.999,9,9
1577967269.218,9,9
1577967269.438,9,9
1577967269.676,9,9
1577967269.896,9,9
1577967270.113,9,9
1577967270.328,8,8
1577967270.544,8,8
1577967270.759,8,8
1577967270.975,8,8
1577967271.190,7,7
1577967271.407,7,7
1577967271.623,7,7
1577967271.836,7,7
1577967272.053,6,6
1577967272.277,6,6
1577967272.496,6,6
1577967272.714,6,6
1577967272.929,5,5
1577967273.206,5,5
1577967273.425,5,5
1577967273.647,5,5
1577967273.875,5,5
1577967274.099,5,5
1577967274.315,5,5
1577967274.530,4,4
1577967274.749,4,4
1577967274.964,4,4
1577967275.177,4,4
1577967275.391,4,4
1577967275.603,4,4
1577967275.817,4,4
1577967276.031,4,4
1577967276.250,3,3
1577967276.484,3,3
1577967276.702,3,3
1577967276.922,3,3
1577967277.140,3,3
1577967277.355,3,3
1577967277.573,3,3
1577967277.792,3,3
1577967278.008,3,3
1577967278.229,3,3
1577967278.447,3,3
1577967278.665,3,3
1577967278.885,2,2
1577967279.137,1,1
1577967279.354,1,1
1577967279.572,1,1
1577967279.790,1,1
1577967280.007,1,1
1577967280.222,1,1
1577967280.443,1,1
1577967280.662,1,1
1577967280.879,1,1
1577967281.094,1,1
1577967281.307,0,0
1577967281.542,0,0
1577967281.762,0,0
1577967281.977,0,0
1577967282.194,0,0
1577967282.412,0,0
1577967282.641,0,0
1577967282.856,0,0
1577967283.071,0,0
1577967283.287,0,0
1577967283.500,0,0
1577967283.712,0,0
1577967283.928,0,0
1577967284.144,0,0
