2001:200:0:8831:2:0:ca00:49ed/128,202.0.73.237/32
2001:200:0:8831:2:0:ca00:49de/128,202.0.73.222/32
2001:200:0:8831:2:0:ca00:49d6/128,202.0.73.214/32
2001:200:0:8831:2:0:ca00:49eb/128,202.0.73.235/32
2001:200:0:8831:2:0:ca00:49be/128,202.0.73.190/32
2001:200:0:8831:2:0:ca00:49cd/128,202.0.73.205/32
2001:200:0:8831:2:0:ca00:49d4/128,202.0.73.212/32
2001:200:0:8831:2:0:ca00:49c1/128,202.0.73.193/32
2001:200:0:8831:2:0:ca00:49e4/128,202.0.73.228/32
2001:200:0:8831:2:0:ca00:49f0/128,202.0.73.240/32
2001:200:0:8831:2:0:ca00:49bc/128,202.0.73.188/32
2001:200:0:8831:2:0:ca00:49ca/128,202.0.73.202/32
2001:200:0:8831:2:0:ca00:49da/128,202.0.73.218/32
2001:200:0:8831:2:0:ca00:49d1/128,202.0.73.209/32
2001:200:0:8831:2:0:ca00:49c0/128,202.0.73.192/32
2001:200:0:8831:2:0:ca00:49f3/128,202.0.73.243/32
2001:200:0:8831:2:0:ca00:49f1/128,202.0.73.241/32
2001:200:0:8831:2:0:ca00:49ea/128,202.0.73.234/32
2001:200:0:8831:2:0:ca00:49c6/128,202.0.73.198/32
2001:200:0:8831:2:0:ca00:49e5/128,202.0.73.229/32
2001:200:0:8831:2:0:ca00:49e9/128,202.0.73.233/32
2001:200:0:8831:2:0:ca00:49d0/128,202.0.73.208/32
2001:200:0:8831:2:0:ca00:49e7/128,202.0.73.231/32
2001:200:0:8831:2:0:ca00:49c9/128,202.0.73.201/32
2001:200:0:8831:2:0:ca00:49cb/128,202.0.73.203/32
2001:200:0:8831:2:0:ca00:49dd/128,202.0.73.221/32
2001:200:0:8831:2:0:ca00:49bf/128,202.0.73.191/32
2001:200:0:8831:2:0:ca00:49cf/128,202.0.73.207/32
2001:200:0:8831:2:0:ca00:49d3/128,202.0.73.211/32
2001:200:0:8831:2:0:ca00:49d2/128,202.0.73.210/32
2001:200:0:8831:2:0:ca00:49d8/128,202.0.73.216/32
2001:200:0:8831:2:0:ca00:49c7/128,202.0.73.199/32
2001:200:0:8831:2:0:ca00:49e2/128,202.0.73.226/32
2001:200:0:8831:2:0:ca00:49d5/128,202.0.73.213/32
2001:200:0:8831:2:0:ca00:49e6/128,202.0.73.230/32
2001:200:0:8831:2:0:ca00:49e8/128,202.0.73.232/32
2001:200:0:8831:2:0:ca00:49ef/128,202.0.73.239/32
2001:200:0:8831:2:0:ca00:49ee/128,202.0.73.238/32
2001:200:0:8831:2:0:ca00:49bd/128,202.0.73.189/32
2001:200:0:8831:2:0:ca00:49c4/128,202.0.73.196/32
2001:200:0:8831:2:0:ca00:49e3/128,202.0.73.227/32
2001:200:0:8831:2:0:ca00:49f7/128,202.0.73.247/32
2001:200:0:8831:2:0:ca00:49c2/128,202.0.73.194/32
2001:200:0:8831:2:0:ca00:49db/128,202.0.73.219/32
2001:200:0:8831:2:0:ca00:49df/128,202.0.73.223/32
2001:200:0:8831:2:0:ca00:49dc/128,202.0.73.220/32
2001:200:0:8831:2:0:ca00:49f2/128,202.0.73.242/32
2001:200:0:8831:2:0:ca00:49c3/128,202.0.73.195/32
2001:200:0:8831:2:0:ca00:49d9/128,202.0.73.217/32
2001:200:0:8831:2:0:ca00:49f5/128,202.0.73.245/32
2001:200:0:8831:2:0:ca00:49f4/128,202.0.73.244/32
2001:200:0:8831:2:0:ca00:49e1/128,202.0.73.225/32
2001:200:0:8831:2:0:ca00:49ce/128,202.0.73.206/32
2001:200:0:8831:2:0:ca00:49c5/128,202.0.73.197/32
2001:200:0:8831:2:0:ca00:49d7/128,202.0.73.215/32
2001:200:0:8831:2:0:ca00:49f6/128,202.0.73.246/32
2001:200:0:8831:2:0:ca00:49cc/128,202.0.73.204/32
2001:200:0:8831:2:0:ca00:49e0/128,202.0.73.224/32
2001:200:0:8831:2:0:ca00:49ec/128,202.0.73.236/32
2001:200:0:8831:2:0:ca00:49c8/128,202.0.73.200/32