2001:200:0:8831:1:0:ca00:49bb/128,202.0.73.187/32
2001:200:0:8831:1:0:ca00:49ba/128,202.0.73.186/32
2001:200:0:8831:1:0:ca00:49b9/128,202.0.73.185/32
2001:200:0:8831:1:0:ca00:49b8/128,202.0.73.184/32
2001:200:0:8831:1:0:ca00:49b6/128,202.0.73.182/32
2001:200:0:8831:1:0:ca00:49b7/128,202.0.73.183/32
2001:200:0:8831:1:0:ca00:49b4/128,202.0.73.180/32
2001:200:0:8831:1:0:ca00:49b5/128,202.0.73.181/32
2001:200:0:8831:1:0:ca00:49b3/128,202.0.73.179/32
2001:200:0:8831:1:0:ca00:49b2/128,202.0.73.178/32
2001:200:0:8831:1:0:ca00:49b1/128,202.0.73.177/32
2001:200:0:8831:1:0:ca00:49b0/128,202.0.73.176/32
2001:200:0:8831:1:0:ca00:49ae/128,202.0.73.174/32
2001:200:0:8831:1:0:ca00:49af/128,202.0.73.175/32
2001:200:0:8831:1:0:ca00:49ad/128,202.0.73.173/32
2001:200:0:8831:1:0:ca00:49ac/128,202.0.73.172/32
2001:200:0:8831:1:0:ca00:49ab/128,202.0.73.171/32
2001:200:0:8831:1:0:ca00:49aa/128,202.0.73.170/32
2001:200:0:8831:1:0:ca00:49a9/128,202.0.73.169/32
2001:200:0:8831:1:0:ca00:49a8/128,202.0.73.168/32
2001:200:0:8831:1:0:ca00:49a7/128,202.0.73.167/32
2001:200:0:8831:1:0:ca00:49a5/128,202.0.73.165/32
2001:200:0:8831:1:0:ca00:49a6/128,202.0.73.166/32
2001:200:0:8831:1:0:ca00:49a3/128,202.0.73.163/32
2001:200:0:8831:1:0:ca00:49a4/128,202.0.73.164/32
2001:200:0:8831:1:0:ca00:49a2/128,202.0.73.162/32
2001:200:0:8831:1:0:ca00:49a1/128,202.0.73.161/32
2001:200:0:8831:1:0:ca00:49a0/128,202.0.73.160/32
2001:200:0:8831:1:0:ca00:499f/128,202.0.73.159/32
2001:200:0:8831:1:0:ca00:499d/128,202.0.73.157/32
2001:200:0:8831:1:0:ca00:499e/128,202.0.73.158/32
2001:200:0:8831:1:0:ca00:499c/128,202.0.73.156/32
2001:200:0:8831:1:0:ca00:499b/128,202.0.73.155/32
2001:200:0:8831:1:0:ca00:499a/128,202.0.73.154/32
2001:200:0:8831:1:0:ca00:4999/128,202.0.73.153/32
2001:200:0:8831:1:0:ca00:4998/128,202.0.73.152/32
2001:200:0:8831:1:0:ca00:4997/128,202.0.73.151/32
2001:200:0:8831:1:0:ca00:4996/128,202.0.73.150/32
2001:200:0:8831:1:0:ca00:4995/128,202.0.73.149/32
2001:200:0:8831:1:0:ca00:4993/128,202.0.73.147/32
2001:200:0:8831:1:0:ca00:4994/128,202.0.73.148/32
2001:200:0:8831:1:0:ca00:4992/128,202.0.73.146/32
2001:200:0:8831:1:0:ca00:4991/128,202.0.73.145/32
2001:200:0:8831:1:0:ca00:4990/128,202.0.73.144/32
2001:200:0:8831:1:0:ca00:498f/128,202.0.73.143/32
2001:200:0:8831:1:0:ca00:498e/128,202.0.73.142/32
2001:200:0:8831:1:0:ca00:498d/128,202.0.73.141/32
2001:200:0:8831:1:0:ca00:498c/128,202.0.73.140/32
2001:200:0:8831:1:0:ca00:498b/128,202.0.73.139/32
2001:200:0:8831:1:0:ca00:4989/128,202.0.73.137/32
2001:200:0:8831:1:0:ca00:498a/128,202.0.73.138/32
2001:200:0:8831:1:0:ca00:4986/128,202.0.73.134/32
2001:200:0:8831:1:0:ca00:4988/128,202.0.73.136/32
2001:200:0:8831:1:0:ca00:4987/128,202.0.73.135/32
2001:200:0:8831:1:0:ca00:4983/128,202.0.73.131/32
2001:200:0:8831:1:0:ca00:4985/128,202.0.73.133/32
2001:200:0:8831:1:0:ca00:4984/128,202.0.73.132/32
2001:200:0:8831:1:0:ca00:4982/128,202.0.73.130/32
2001:200:0:8831:1:0:ca00:4981/128,202.0.73.129/32
2001:200:0:8831:1:0:ca00:4980/128,202.0.73.128/32
2001:200:0:8831:2:0:ca00:49ed/128,202.0.73.237/32
2001:200:0:8831:2:0:ca00:49de/128,202.0.73.222/32
2001:200:0:8831:2:0:ca00:49d6/128,202.0.73.214/32
2001:200:0:8831:2:0:ca00:49eb/128,202.0.73.235/32
2001:200:0:8831:2:0:ca00:49be/128,202.0.73.190/32
2001:200:0:8831:2:0:ca00:49cd/128,202.0.73.205/32
2001:200:0:8831:2:0:ca00:49d4/128,202.0.73.212/32
2001:200:0:8831:2:0:ca00:49c1/128,202.0.73.193/32
2001:200:0:8831:2:0:ca00:49e4/128,202.0.73.228/32
2001:200:0:8831:2:0:ca00:49f0/128,202.0.73.240/32
2001:200:0:8831:2:0:ca00:49bc/128,202.0.73.188/32
2001:200:0:8831:2:0:ca00:49ca/128,202.0.73.202/32
2001:200:0:8831:2:0:ca00:49da/128,202.0.73.218/32
2001:200:0:8831:2:0:ca00:49d1/128,202.0.73.209/32
2001:200:0:8831:2:0:ca00:49c0/128,202.0.73.192/32
2001:200:0:8831:2:0:ca00:49f3/128,202.0.73.243/32
2001:200:0:8831:2:0:ca00:49f1/128,202.0.73.241/32
2001:200:0:8831:2:0:ca00:49ea/128,202.0.73.234/32
2001:200:0:8831:2:0:ca00:49c6/128,202.0.73.198/32
2001:200:0:8831:2:0:ca00:49e5/128,202.0.73.229/32
2001:200:0:8831:2:0:ca00:49e9/128,202.0.73.233/32
2001:200:0:8831:2:0:ca00:49d0/128,202.0.73.208/32
2001:200:0:8831:2:0:ca00:49e7/128,202.0.73.231/32
2001:200:0:8831:2:0:ca00:49c9/128,202.0.73.201/32
2001:200:0:8831:2:0:ca00:49cb/128,202.0.73.203/32
2001:200:0:8831:2:0:ca00:49dd/128,202.0.73.221/32
2001:200:0:8831:2:0:ca00:49bf/128,202.0.73.191/32
2001:200:0:8831:2:0:ca00:49cf/128,202.0.73.207/32
2001:200:0:8831:2:0:ca00:49d3/128,202.0.73.211/32
2001:200:0:8831:2:0:ca00:49d2/128,202.0.73.210/32
2001:200:0:8831:2:0:ca00:49d8/128,202.0.73.216/32
2001:200:0:8831:2:0:ca00:49c7/128,202.0.73.199/32
2001:200:0:8831:2:0:ca00:49e2/128,202.0.73.226/32
2001:200:0:8831:2:0:ca00:49d5/128,202.0.73.213/32
2001:200:0:8831:2:0:ca00:49e6/128,202.0.73.230/32
2001:200:0:8831:2:0:ca00:49e8/128,202.0.73.232/32
2001:200:0:8831:2:0:ca00:49ef/128,202.0.73.239/32
2001:200:0:8831:2:0:ca00:49ee/128,202.0.73.238/32
2001:200:0:8831:2:0:ca00:49bd/128,202.0.73.189/32
2001:200:0:8831:2:0:ca00:49c4/128,202.0.73.196/32
2001:200:0:8831:2:0:ca00:49e3/128,202.0.73.227/32
2001:200:0:8831:2:0:ca00:49f7/128,202.0.73.247/32
2001:200:0:8831:2:0:ca00:49c2/128,202.0.73.194/32
2001:200:0:8831:2:0:ca00:49db/128,202.0.73.219/32
2001:200:0:8831:2:0:ca00:49df/128,202.0.73.223/32
2001:200:0:8831:2:0:ca00:49dc/128,202.0.73.220/32
2001:200:0:8831:2:0:ca00:49f2/128,202.0.73.242/32
2001:200:0:8831:2:0:ca00:49c3/128,202.0.73.195/32
2001:200:0:8831:2:0:ca00:49d9/128,202.0.73.217/32
2001:200:0:8831:2:0:ca00:49f5/128,202.0.73.245/32
2001:200:0:8831:2:0:ca00:49f4/128,202.0.73.244/32
2001:200:0:8831:2:0:ca00:49e1/128,202.0.73.225/32
2001:200:0:8831:2:0:ca00:49ce/128,202.0.73.206/32
2001:200:0:8831:2:0:ca00:49c5/128,202.0.73.197/32
2001:200:0:8831:2:0:ca00:49d7/128,202.0.73.215/32
2001:200:0:8831:2:0:ca00:49f6/128,202.0.73.246/32
2001:200:0:8831:2:0:ca00:49cc/128,202.0.73.204/32
2001:200:0:8831:2:0:ca00:49e0/128,202.0.73.224/32
2001:200:0:8831:2:0:ca00:49ec/128,202.0.73.236/32
2001:200:0:8831:2:0:ca00:49c8/128,202.0.73.200/32