2001:db8:ffff:ffff::1/128,0.0.0.1/32
2001:db8:ffff:ffff::2/128,0.0.0.2/32
2001:db8:ffff:ffff::3/128,0.0.0.3/32
2001:db8:ffff:ffff::4/128,0.0.0.4/32
2001:db8:ffff:ffff::5/128,0.0.0.5/32
2001:db8:ffff:ffff::6/128,0.0.0.6/32
2001:db8:ffff:ffff::7/128,0.0.0.7/32
2001:db8:ffff:ffff::8/128,0.0.0.8/32
2001:db8:ffff:ffff::9/128,0.0.0.9/32
2001:db8:ffff:ffff::10/128,0.0.0.10/32
2001:db8:ffff:ffff::11/128,0.0.0.11/32
2001:db8:ffff:ffff::12/128,0.0.0.12/32
2001:db8:ffff:ffff::13/128,0.0.0.13/32
2001:db8:ffff:ffff::14/128,0.0.0.14/32
2001:db8:ffff:ffff::15/128,0.0.0.15/32
2001:db8:ffff:ffff::16/128,0.0.0.16/32
2001:db8:ffff:ffff::17/128,0.0.0.17/32
2001:db8:ffff:ffff::18/128,0.0.0.18/32
2001:db8:ffff:ffff::19/128,0.0.0.19/32
2001:db8:ffff:ffff::20/128,0.0.0.20/32
2001:db8:ffff:ffff::21/128,0.0.0.21/32
2001:db8:ffff:ffff::22/128,0.0.0.22/32
2001:db8:ffff:ffff::23/128,0.0.0.23/32
2001:db8:ffff:ffff::24/128,0.0.0.24/32
2001:db8:ffff:ffff::25/128,0.0.0.25/32
2001:db8:ffff:ffff::26/128,0.0.0.26/32
2001:db8:ffff:ffff::27/128,0.0.0.27/32
2001:db8:ffff:ffff::28/128,0.0.0.28/32
2001:db8:ffff:ffff::29/128,0.0.0.29/32
2001:db8:ffff:ffff::30/128,0.0.0.30/32
2001:db8:ffff:ffff::31/128,0.0.0.31/32
2001:db8:ffff:ffff::32/128,0.0.0.32/32
2001:db8:ffff:ffff::33/128,0.0.0.33/32
2001:db8:ffff:ffff::34/128,0.0.0.34/32
2001:db8:ffff:ffff::35/128,0.0.0.35/32
2001:db8:ffff:ffff::36/128,0.0.0.36/32
2001:db8:ffff:ffff::37/128,0.0.0.37/32
2001:db8:ffff:ffff::38/128,0.0.0.38/32
2001:db8:ffff:ffff::39/128,0.0.0.39/32
2001:db8:ffff:ffff::40/128,0.0.0.40/32
2001:db8:ffff:ffff::41/128,0.0.0.41/32
2001:db8:ffff:ffff::42/128,0.0.0.42/32
2001:db8:ffff:ffff::43/128,0.0.0.43/32
2001:db8:ffff:ffff::44/128,0.0.0.44/32
2001:db8:ffff:ffff::45/128,0.0.0.45/32
2001:db8:ffff:ffff::46/128,0.0.0.46/32
2001:db8:ffff:ffff::47/128,0.0.0.47/32
2001:db8:ffff:ffff::48/128,0.0.0.48/32
2001:db8:ffff:ffff::49/128,0.0.0.49/32
2001:db8:ffff:ffff::50/128,0.0.0.50/32
2001:db8:ffff:ffff::51/128,0.0.0.51/32
2001:db8:ffff:ffff::52/128,0.0.0.52/32
2001:db8:ffff:ffff::53/128,0.0.0.53/32
2001:db8:ffff:ffff::54/128,0.0.0.54/32
2001:db8:ffff:ffff::55/128,0.0.0.55/32
2001:db8:ffff:ffff::56/128,0.0.0.56/32
2001:db8:ffff:ffff::57/128,0.0.0.57/32
2001:db8:ffff:ffff::58/128,0.0.0.58/32
2001:db8:ffff:ffff::59/128,0.0.0.59/32
2001:db8:ffff:ffff::60/128,0.0.0.60/32
2001:db8:ffff:ffff::61/128,0.0.0.61/32
2001:db8:ffff:ffff::62/128,0.0.0.62/32
2001:db8:ffff:ffff::63/128,0.0.0.63/32
2001:db8:ffff:ffff::64/128,0.0.0.64/32
2001:db8:ffff:ffff::65/128,0.0.0.65/32
2001:db8:ffff:ffff::66/128,0.0.0.66/32
2001:db8:ffff:ffff::67/128,0.0.0.67/32
2001:db8:ffff:ffff::68/128,0.0.0.68/32
2001:db8:ffff:ffff::69/128,0.0.0.69/32
2001:db8:ffff:ffff::70/128,0.0.0.70/32
2001:db8:ffff:ffff::71/128,0.0.0.71/32
2001:db8:ffff:ffff::72/128,0.0.0.72/32
2001:db8:ffff:ffff::73/128,0.0.0.73/32
2001:db8:ffff:ffff::74/128,0.0.0.74/32
2001:db8:ffff:ffff::75/128,0.0.0.75/32
2001:db8:ffff:ffff::76/128,0.0.0.76/32
2001:db8:ffff:ffff::77/128,0.0.0.77/32
2001:db8:ffff:ffff::78/128,0.0.0.78/32
2001:db8:ffff:ffff::79/128,0.0.0.79/32
2001:db8:ffff:ffff::80/128,0.0.0.80/32
2001:db8:ffff:ffff::81/128,0.0.0.81/32
2001:db8:ffff:ffff::82/128,0.0.0.82/32
2001:db8:ffff:ffff::83/128,0.0.0.83/32
2001:db8:ffff:ffff::84/128,0.0.0.84/32
2001:db8:ffff:ffff::85/128,0.0.0.85/32
2001:db8:ffff:ffff::86/128,0.0.0.86/32
2001:db8:ffff:ffff::87/128,0.0.0.87/32
2001:db8:ffff:ffff::88/128,0.0.0.88/32
2001:db8:ffff:ffff::89/128,0.0.0.89/32
2001:db8:ffff:ffff::90/128,0.0.0.90/32
2001:db8:ffff:ffff::91/128,0.0.0.91/32
2001:db8:ffff:ffff::92/128,0.0.0.92/32
2001:db8:ffff:ffff::93/128,0.0.0.93/32
2001:db8:ffff:ffff::94/128,0.0.0.94/32
2001:db8:ffff:ffff::95/128,0.0.0.95/32
2001:db8:ffff:ffff::96/128,0.0.0.96/32
2001:db8:ffff:ffff::97/128,0.0.0.97/32
2001:db8:ffff:ffff::98/128,0.0.0.98/32
2001:db8:ffff:ffff::99/128,0.0.0.99/32
2001:db8:ffff:ffff::100/128,0.0.0.100/32
2001:db8:ffff:ffff::101/128,0.0.0.101/32
2001:db8:ffff:ffff::102/128,0.0.0.102/32
2001:db8:ffff:ffff::103/128,0.0.0.103/32
2001:db8:ffff:ffff::104/128,0.0.0.104/32
2001:db8:ffff:ffff::105/128,0.0.0.105/32
2001:db8:ffff:ffff::106/128,0.0.0.106/32
2001:db8:ffff:ffff::107/128,0.0.0.107/32
2001:db8:ffff:ffff::108/128,0.0.0.108/32
2001:db8:ffff:ffff::109/128,0.0.0.109/32
2001:db8:ffff:ffff::110/128,0.0.0.110/32
2001:db8:ffff:ffff::111/128,0.0.0.111/32
2001:db8:ffff:ffff::112/128,0.0.0.112/32
2001:db8:ffff:ffff::113/128,0.0.0.113/32
2001:db8:ffff:ffff::114/128,0.0.0.114/32
2001:db8:ffff:ffff::115/128,0.0.0.115/32
2001:db8:ffff:ffff::116/128,0.0.0.116/32
2001:db8:ffff:ffff::117/128,0.0.0.117/32
2001:db8:ffff:ffff::118/128,0.0.0.118/32
2001:db8:ffff:ffff::119/128,0.0.0.119/32
2001:db8:ffff:ffff::120/128,0.0.0.120/32
2001:db8:ffff:ffff::121/128,0.0.0.121/32
2001:db8:ffff:ffff::122/128,0.0.0.122/32
2001:db8:ffff:ffff::123/128,0.0.0.123/32
2001:db8:ffff:ffff::124/128,0.0.0.124/32
2001:db8:ffff:ffff::125/128,0.0.0.125/32
2001:db8:ffff:ffff::126/128,0.0.0.126/32
2001:db8:ffff:ffff::127/128,0.0.0.127/32
2001:db8:ffff:ffff::128/128,0.0.0.128/32
2001:db8:ffff:ffff::129/128,0.0.0.129/32
2001:db8:ffff:ffff::130/128,0.0.0.130/32
2001:db8:ffff:ffff::131/128,0.0.0.131/32
2001:db8:ffff:ffff::132/128,0.0.0.132/32
2001:db8:ffff:ffff::133/128,0.0.0.133/32
2001:db8:ffff:ffff::134/128,0.0.0.134/32
2001:db8:ffff:ffff::135/128,0.0.0.135/32
2001:db8:ffff:ffff::136/128,0.0.0.136/32
2001:db8:ffff:ffff::137/128,0.0.0.137/32
2001:db8:ffff:ffff::138/128,0.0.0.138/32
2001:db8:ffff:ffff::139/128,0.0.0.139/32
2001:db8:ffff:ffff::140/128,0.0.0.140/32
2001:db8:ffff:ffff::141/128,0.0.0.141/32
2001:db8:ffff:ffff::142/128,0.0.0.142/32
2001:db8:ffff:ffff::143/128,0.0.0.143/32
2001:db8:ffff:ffff::144/128,0.0.0.144/32
2001:db8:ffff:ffff::145/128,0.0.0.145/32
2001:db8:ffff:ffff::146/128,0.0.0.146/32
2001:db8:ffff:ffff::147/128,0.0.0.147/32
2001:db8:ffff:ffff::148/128,0.0.0.148/32
2001:db8:ffff:ffff::149/128,0.0.0.149/32
2001:db8:ffff:ffff::150/128,0.0.0.150/32
2001:db8:ffff:ffff::151/128,0.0.0.151/32
2001:db8:ffff:ffff::152/128,0.0.0.152/32
2001:db8:ffff:ffff::153/128,0.0.0.153/32
2001:db8:ffff:ffff::154/128,0.0.0.154/32
2001:db8:ffff:ffff::155/128,0.0.0.155/32
2001:db8:ffff:ffff::156/128,0.0.0.156/32
2001:db8:ffff:ffff::157/128,0.0.0.157/32
2001:db8:ffff:ffff::158/128,0.0.0.158/32
2001:db8:ffff:ffff::159/128,0.0.0.159/32
2001:db8:ffff:ffff::160/128,0.0.0.160/32
2001:db8:ffff:ffff::161/128,0.0.0.161/32
2001:db8:ffff:ffff::162/128,0.0.0.162/32
2001:db8:ffff:ffff::163/128,0.0.0.163/32
2001:db8:ffff:ffff::164/128,0.0.0.164/32
2001:db8:ffff:ffff::165/128,0.0.0.165/32
2001:db8:ffff:ffff::166/128,0.0.0.166/32
2001:db8:ffff:ffff::167/128,0.0.0.167/32
2001:db8:ffff:ffff::168/128,0.0.0.168/32
2001:db8:ffff:ffff::169/128,0.0.0.169/32
2001:db8:ffff:ffff::170/128,0.0.0.170/32
2001:db8:ffff:ffff::171/128,0.0.0.171/32
2001:db8:ffff:ffff::172/128,0.0.0.172/32
2001:db8:ffff:ffff::173/128,0.0.0.173/32
2001:db8:ffff:ffff::174/128,0.0.0.174/32
2001:db8:ffff:ffff::175/128,0.0.0.175/32
2001:db8:ffff:ffff::176/128,0.0.0.176/32
2001:db8:ffff:ffff::177/128,0.0.0.177/32
2001:db8:ffff:ffff::178/128,0.0.0.178/32
2001:db8:ffff:ffff::179/128,0.0.0.179/32
2001:db8:ffff:ffff::180/128,0.0.0.180/32
2001:db8:ffff:ffff::181/128,0.0.0.181/32
2001:db8:ffff:ffff::182/128,0.0.0.182/32
2001:db8:ffff:ffff::183/128,0.0.0.183/32
2001:db8:ffff:ffff::184/128,0.0.0.184/32
2001:db8:ffff:ffff::185/128,0.0.0.185/32
2001:db8:ffff:ffff::186/128,0.0.0.186/32
2001:db8:ffff:ffff::187/128,0.0.0.187/32
2001:db8:ffff:ffff::188/128,0.0.0.188/32
2001:db8:ffff:ffff::189/128,0.0.0.189/32
2001:db8:ffff:ffff::190/128,0.0.0.190/32
2001:db8:ffff:ffff::191/128,0.0.0.191/32
2001:db8:ffff:ffff::192/128,0.0.0.192/32
2001:db8:ffff:ffff::193/128,0.0.0.193/32
2001:db8:ffff:ffff::194/128,0.0.0.194/32
2001:db8:ffff:ffff::195/128,0.0.0.195/32
2001:db8:ffff:ffff::196/128,0.0.0.196/32
2001:db8:ffff:ffff::197/128,0.0.0.197/32
2001:db8:ffff:ffff::198/128,0.0.0.198/32
2001:db8:ffff:ffff::199/128,0.0.0.199/32
2001:db8:ffff:ffff::200/128,0.0.0.200/32
2001:db8:ffff:ffff::201/128,0.0.0.201/32
2001:db8:ffff:ffff::202/128,0.0.0.202/32
2001:db8:ffff:ffff::203/128,0.0.0.203/32
2001:db8:ffff:ffff::204/128,0.0.0.204/32
2001:db8:ffff:ffff::205/128,0.0.0.205/32
2001:db8:ffff:ffff::206/128,0.0.0.206/32
2001:db8:ffff:ffff::207/128,0.0.0.207/32
2001:db8:ffff:ffff::208/128,0.0.0.208/32
2001:db8:ffff:ffff::209/128,0.0.0.209/32
2001:db8:ffff:ffff::210/128,0.0.0.210/32
2001:db8:ffff:ffff::211/128,0.0.0.211/32
2001:db8:ffff:ffff::212/128,0.0.0.212/32
2001:db8:ffff:ffff::213/128,0.0.0.213/32
2001:db8:ffff:ffff::214/128,0.0.0.214/32
2001:db8:ffff:ffff::215/128,0.0.0.215/32
2001:db8:ffff:ffff::216/128,0.0.0.216/32
2001:db8:ffff:ffff::217/128,0.0.0.217/32
2001:db8:ffff:ffff::218/128,0.0.0.218/32
2001:db8:ffff:ffff::219/128,0.0.0.219/32
2001:db8:ffff:ffff::220/128,0.0.0.220/32
2001:db8:ffff:ffff::221/128,0.0.0.221/32
2001:db8:ffff:ffff::222/128,0.0.0.222/32
2001:db8:ffff:ffff::223/128,0.0.0.223/32
2001:db8:ffff:ffff::224/128,0.0.0.224/32
2001:db8:ffff:ffff::225/128,0.0.0.225/32
2001:db8:ffff:ffff::226/128,0.0.0.226/32
2001:db8:ffff:ffff::227/128,0.0.0.227/32
2001:db8:ffff:ffff::228/128,0.0.0.228/32
2001:db8:ffff:ffff::229/128,0.0.0.229/32
2001:db8:ffff:ffff::230/128,0.0.0.230/32
2001:db8:ffff:ffff::231/128,0.0.0.231/32
2001:db8:ffff:ffff::232/128,0.0.0.232/32
2001:db8:ffff:ffff::233/128,0.0.0.233/32
2001:db8:ffff:ffff::234/128,0.0.0.234/32
2001:db8:ffff:ffff::235/128,0.0.0.235/32
2001:db8:ffff:ffff::236/128,0.0.0.236/32
2001:db8:ffff:ffff::237/128,0.0.0.237/32
2001:db8:ffff:ffff::238/128,0.0.0.238/32
2001:db8:ffff:ffff::239/128,0.0.0.239/32
2001:db8:ffff:ffff::240/128,0.0.0.240/32
2001:db8:ffff:ffff::241/128,0.0.0.241/32
2001:db8:ffff:ffff::242/128,0.0.0.242/32
2001:db8:ffff:ffff::243/128,0.0.0.243/32
2001:db8:ffff:ffff::244/128,0.0.0.244/32
2001:db8:ffff:ffff::245/128,0.0.0.245/32
2001:db8:ffff:ffff::246/128,0.0.0.246/32
2001:db8:ffff:ffff::247/128,0.0.0.247/32
2001:db8:ffff:ffff::248/128,0.0.0.248/32
2001:db8:ffff:ffff::249/128,0.0.0.249/32
2001:db8:ffff:ffff::250/128,0.0.0.250/32
2001:db8:ffff:ffff::251/128,0.0.0.251/32
2001:db8:ffff:ffff::252/128,0.0.0.252/32
2001:db8:ffff:ffff::253/128,0.0.0.253/32
2001:db8:ffff:ffff::254/128,0.0.0.254/32
2001:db8:ffff:ffff::255/128,0.0.0.255/32
2001:db8:ffff:ffff::256/128,0.0.1.0/32
2001:db8:ffff:ffff::257/128,0.0.1.1/32
2001:db8:ffff:ffff::258/128,0.0.1.2/32
2001:db8:ffff:ffff::259/128,0.0.1.3/32
2001:db8:ffff:ffff::260/128,0.0.1.4/32
2001:db8:ffff:ffff::261/128,0.0.1.5/32
2001:db8:ffff:ffff::262/128,0.0.1.6/32
2001:db8:ffff:ffff::263/128,0.0.1.7/32
2001:db8:ffff:ffff::264/128,0.0.1.8/32
2001:db8:ffff:ffff::265/128,0.0.1.9/32
2001:db8:ffff:ffff::266/128,0.0.1.10/32
2001:db8:ffff:ffff::267/128,0.0.1.11/32
2001:db8:ffff:ffff::268/128,0.0.1.12/32
2001:db8:ffff:ffff::269/128,0.0.1.13/32
2001:db8:ffff:ffff::270/128,0.0.1.14/32
2001:db8:ffff:ffff::271/128,0.0.1.15/32
2001:db8:ffff:ffff::272/128,0.0.1.16/32
2001:db8:ffff:ffff::273/128,0.0.1.17/32
2001:db8:ffff:ffff::274/128,0.0.1.18/32
2001:db8:ffff:ffff::275/128,0.0.1.19/32
2001:db8:ffff:ffff::276/128,0.0.1.20/32
2001:db8:ffff:ffff::277/128,0.0.1.21/32
2001:db8:ffff:ffff::278/128,0.0.1.22/32
2001:db8:ffff:ffff::279/128,0.0.1.23/32
2001:db8:ffff:ffff::280/128,0.0.1.24/32
2001:db8:ffff:ffff::281/128,0.0.1.25/32
2001:db8:ffff:ffff::282/128,0.0.1.26/32
2001:db8:ffff:ffff::283/128,0.0.1.27/32
2001:db8:ffff:ffff::284/128,0.0.1.28/32
2001:db8:ffff:ffff::285/128,0.0.1.29/32
2001:db8:ffff:ffff::286/128,0.0.1.30/32
2001:db8:ffff:ffff::287/128,0.0.1.31/32
2001:db8:ffff:ffff::288/128,0.0.1.32/32
2001:db8:ffff:ffff::289/128,0.0.1.33/32
2001:db8:ffff:ffff::290/128,0.0.1.34/32
2001:db8:ffff:ffff::291/128,0.0.1.35/32
2001:db8:ffff:ffff::292/128,0.0.1.36/32
2001:db8:ffff:ffff::293/128,0.0.1.37/32
2001:db8:ffff:ffff::294/128,0.0.1.38/32
2001:db8:ffff:ffff::295/128,0.0.1.39/32
2001:db8:ffff:ffff::296/128,0.0.1.40/32
2001:db8:ffff:ffff::297/128,0.0.1.41/32
2001:db8:ffff:ffff::298/128,0.0.1.42/32
2001:db8:ffff:ffff::299/128,0.0.1.43/32
2001:db8:ffff:ffff::300/128,0.0.1.44/32
2001:db8:ffff:ffff::301/128,0.0.1.45/32
2001:db8:ffff:ffff::302/128,0.0.1.46/32
2001:db8:ffff:ffff::303/128,0.0.1.47/32
2001:db8:ffff:ffff::304/128,0.0.1.48/32
2001:db8:ffff:ffff::305/128,0.0.1.49/32
2001:db8:ffff:ffff::306/128,0.0.1.50/32
2001:db8:ffff:ffff::307/128,0.0.1.51/32
2001:db8:ffff:ffff::308/128,0.0.1.52/32
2001:db8:ffff:ffff::309/128,0.0.1.53/32
2001:db8:ffff:ffff::310/128,0.0.1.54/32
2001:db8:ffff:ffff::311/128,0.0.1.55/32
2001:db8:ffff:ffff::312/128,0.0.1.56/32
2001:db8:ffff:ffff::313/128,0.0.1.57/32
2001:db8:ffff:ffff::314/128,0.0.1.58/32
2001:db8:ffff:ffff::315/128,0.0.1.59/32
2001:db8:ffff:ffff::316/128,0.0.1.60/32
2001:db8:ffff:ffff::317/128,0.0.1.61/32
2001:db8:ffff:ffff::318/128,0.0.1.62/32
2001:db8:ffff:ffff::319/128,0.0.1.63/32
2001:db8:ffff:ffff::320/128,0.0.1.64/32
2001:db8:ffff:ffff::321/128,0.0.1.65/32
2001:db8:ffff:ffff::322/128,0.0.1.66/32
2001:db8:ffff:ffff::323/128,0.0.1.67/32
2001:db8:ffff:ffff::324/128,0.0.1.68/32
2001:db8:ffff:ffff::325/128,0.0.1.69/32
2001:db8:ffff:ffff::326/128,0.0.1.70/32
2001:db8:ffff:ffff::327/128,0.0.1.71/32
2001:db8:ffff:ffff::328/128,0.0.1.72/32
2001:db8:ffff:ffff::329/128,0.0.1.73/32
2001:db8:ffff:ffff::330/128,0.0.1.74/32
2001:db8:ffff:ffff::331/128,0.0.1.75/32
2001:db8:ffff:ffff::332/128,0.0.1.76/32
2001:db8:ffff:ffff::333/128,0.0.1.77/32
2001:db8:ffff:ffff::334/128,0.0.1.78/32
2001:db8:ffff:ffff::335/128,0.0.1.79/32
2001:db8:ffff:ffff::336/128,0.0.1.80/32
2001:db8:ffff:ffff::337/128,0.0.1.81/32
2001:db8:ffff:ffff::338/128,0.0.1.82/32
2001:db8:ffff:ffff::339/128,0.0.1.83/32
2001:db8:ffff:ffff::340/128,0.0.1.84/32
2001:db8:ffff:ffff::341/128,0.0.1.85/32
2001:db8:ffff:ffff::342/128,0.0.1.86/32
2001:db8:ffff:ffff::343/128,0.0.1.87/32
2001:db8:ffff:ffff::344/128,0.0.1.88/32
2001:db8:ffff:ffff::345/128,0.0.1.89/32
2001:db8:ffff:ffff::346/128,0.0.1.90/32
2001:db8:ffff:ffff::347/128,0.0.1.91/32
2001:db8:ffff:ffff::348/128,0.0.1.92/32
2001:db8:ffff:ffff::349/128,0.0.1.93/32
2001:db8:ffff:ffff::350/128,0.0.1.94/32
2001:db8:ffff:ffff::351/128,0.0.1.95/32
2001:db8:ffff:ffff::352/128,0.0.1.96/32
2001:db8:ffff:ffff::353/128,0.0.1.97/32
2001:db8:ffff:ffff::354/128,0.0.1.98/32
2001:db8:ffff:ffff::355/128,0.0.1.99/32
2001:db8:ffff:ffff::356/128,0.0.1.100/32
2001:db8:ffff:ffff::357/128,0.0.1.101/32
2001:db8:ffff:ffff::358/128,0.0.1.102/32
2001:db8:ffff:ffff::359/128,0.0.1.103/32
2001:db8:ffff:ffff::360/128,0.0.1.104/32
2001:db8:ffff:ffff::361/128,0.0.1.105/32
2001:db8:ffff:ffff::362/128,0.0.1.106/32
2001:db8:ffff:ffff::363/128,0.0.1.107/32
2001:db8:ffff:ffff::364/128,0.0.1.108/32
2001:db8:ffff:ffff::365/128,0.0.1.109/32
2001:db8:ffff:ffff::366/128,0.0.1.110/32
2001:db8:ffff:ffff::367/128,0.0.1.111/32
2001:db8:ffff:ffff::368/128,0.0.1.112/32
2001:db8:ffff:ffff::369/128,0.0.1.113/32
2001:db8:ffff:ffff::370/128,0.0.1.114/32
2001:db8:ffff:ffff::371/128,0.0.1.115/32
2001:db8:ffff:ffff::372/128,0.0.1.116/32
2001:db8:ffff:ffff::373/128,0.0.1.117/32
2001:db8:ffff:ffff::374/128,0.0.1.118/32
2001:db8:ffff:ffff::375/128,0.0.1.119/32
2001:db8:ffff:ffff::376/128,0.0.1.120/32
2001:db8:ffff:ffff::377/128,0.0.1.121/32
2001:db8:ffff:ffff::378/128,0.0.1.122/32
2001:db8:ffff:ffff::379/128,0.0.1.123/32
2001:db8:ffff:ffff::380/128,0.0.1.124/32
2001:db8:ffff:ffff::381/128,0.0.1.125/32
2001:db8:ffff:ffff::382/128,0.0.1.126/32
2001:db8:ffff:ffff::383/128,0.0.1.127/32
2001:db8:ffff:ffff::384/128,0.0.1.128/32
2001:db8:ffff:ffff::385/128,0.0.1.129/32
2001:db8:ffff:ffff::386/128,0.0.1.130/32
2001:db8:ffff:ffff::387/128,0.0.1.131/32
2001:db8:ffff:ffff::388/128,0.0.1.132/32
2001:db8:ffff:ffff::389/128,0.0.1.133/32
2001:db8:ffff:ffff::390/128,0.0.1.134/32
2001:db8:ffff:ffff::391/128,0.0.1.135/32
2001:db8:ffff:ffff::392/128,0.0.1.136/32
2001:db8:ffff:ffff::393/128,0.0.1.137/32
2001:db8:ffff:ffff::394/128,0.0.1.138/32
2001:db8:ffff:ffff::395/128,0.0.1.139/32
2001:db8:ffff:ffff::396/128,0.0.1.140/32
2001:db8:ffff:ffff::397/128,0.0.1.141/32
2001:db8:ffff:ffff::398/128,0.0.1.142/32
2001:db8:ffff:ffff::399/128,0.0.1.143/32
2001:db8:ffff:ffff::400/128,0.0.1.144/32
2001:db8:ffff:ffff::401/128,0.0.1.145/32
2001:db8:ffff:ffff::402/128,0.0.1.146/32
2001:db8:ffff:ffff::403/128,0.0.1.147/32
2001:db8:ffff:ffff::404/128,0.0.1.148/32
2001:db8:ffff:ffff::405/128,0.0.1.149/32
2001:db8:ffff:ffff::406/128,0.0.1.150/32
2001:db8:ffff:ffff::407/128,0.0.1.151/32
2001:db8:ffff:ffff::408/128,0.0.1.152/32
2001:db8:ffff:ffff::409/128,0.0.1.153/32
2001:db8:ffff:ffff::410/128,0.0.1.154/32
2001:db8:ffff:ffff::411/128,0.0.1.155/32
2001:db8:ffff:ffff::412/128,0.0.1.156/32
2001:db8:ffff:ffff::413/128,0.0.1.157/32
2001:db8:ffff:ffff::414/128,0.0.1.158/32
2001:db8:ffff:ffff::415/128,0.0.1.159/32
2001:db8:ffff:ffff::416/128,0.0.1.160/32
2001:db8:ffff:ffff::417/128,0.0.1.161/32
2001:db8:ffff:ffff::418/128,0.0.1.162/32
2001:db8:ffff:ffff::419/128,0.0.1.163/32
2001:db8:ffff:ffff::420/128,0.0.1.164/32
2001:db8:ffff:ffff::421/128,0.0.1.165/32
2001:db8:ffff:ffff::422/128,0.0.1.166/32
2001:db8:ffff:ffff::423/128,0.0.1.167/32
2001:db8:ffff:ffff::424/128,0.0.1.168/32
2001:db8:ffff:ffff::425/128,0.0.1.169/32
2001:db8:ffff:ffff::426/128,0.0.1.170/32
2001:db8:ffff:ffff::427/128,0.0.1.171/32
2001:db8:ffff:ffff::428/128,0.0.1.172/32
2001:db8:ffff:ffff::429/128,0.0.1.173/32
2001:db8:ffff:ffff::430/128,0.0.1.174/32
2001:db8:ffff:ffff::431/128,0.0.1.175/32
2001:db8:ffff:ffff::432/128,0.0.1.176/32
2001:db8:ffff:ffff::433/128,0.0.1.177/32
2001:db8:ffff:ffff::434/128,0.0.1.178/32
2001:db8:ffff:ffff::435/128,0.0.1.179/32
2001:db8:ffff:ffff::436/128,0.0.1.180/32
2001:db8:ffff:ffff::437/128,0.0.1.181/32
2001:db8:ffff:ffff::438/128,0.0.1.182/32
2001:db8:ffff:ffff::439/128,0.0.1.183/32
2001:db8:ffff:ffff::440/128,0.0.1.184/32
2001:db8:ffff:ffff::441/128,0.0.1.185/32
2001:db8:ffff:ffff::442/128,0.0.1.186/32
2001:db8:ffff:ffff::443/128,0.0.1.187/32
2001:db8:ffff:ffff::444/128,0.0.1.188/32
2001:db8:ffff:ffff::445/128,0.0.1.189/32
2001:db8:ffff:ffff::446/128,0.0.1.190/32
2001:db8:ffff:ffff::447/128,0.0.1.191/32
2001:db8:ffff:ffff::448/128,0.0.1.192/32
2001:db8:ffff:ffff::449/128,0.0.1.193/32
2001:db8:ffff:ffff::450/128,0.0.1.194/32
2001:db8:ffff:ffff::451/128,0.0.1.195/32
2001:db8:ffff:ffff::452/128,0.0.1.196/32
2001:db8:ffff:ffff::453/128,0.0.1.197/32
2001:db8:ffff:ffff::454/128,0.0.1.198/32
2001:db8:ffff:ffff::455/128,0.0.1.199/32
2001:db8:ffff:ffff::456/128,0.0.1.200/32
2001:db8:ffff:ffff::457/128,0.0.1.201/32
2001:db8:ffff:ffff::458/128,0.0.1.202/32
2001:db8:ffff:ffff::459/128,0.0.1.203/32
2001:db8:ffff:ffff::460/128,0.0.1.204/32
2001:db8:ffff:ffff::461/128,0.0.1.205/32
2001:db8:ffff:ffff::462/128,0.0.1.206/32
2001:db8:ffff:ffff::463/128,0.0.1.207/32
2001:db8:ffff:ffff::464/128,0.0.1.208/32
2001:db8:ffff:ffff::465/128,0.0.1.209/32
2001:db8:ffff:ffff::466/128,0.0.1.210/32
2001:db8:ffff:ffff::467/128,0.0.1.211/32
2001:db8:ffff:ffff::468/128,0.0.1.212/32
2001:db8:ffff:ffff::469/128,0.0.1.213/32
2001:db8:ffff:ffff::470/128,0.0.1.214/32
2001:db8:ffff:ffff::471/128,0.0.1.215/32
2001:db8:ffff:ffff::472/128,0.0.1.216/32
2001:db8:ffff:ffff::473/128,0.0.1.217/32
2001:db8:ffff:ffff::474/128,0.0.1.218/32
2001:db8:ffff:ffff::475/128,0.0.1.219/32
2001:db8:ffff:ffff::476/128,0.0.1.220/32
2001:db8:ffff:ffff::477/128,0.0.1.221/32
2001:db8:ffff:ffff::478/128,0.0.1.222/32
2001:db8:ffff:ffff::479/128,0.0.1.223/32
2001:db8:ffff:ffff::480/128,0.0.1.224/32
2001:db8:ffff:ffff::481/128,0.0.1.225/32
2001:db8:ffff:ffff::482/128,0.0.1.226/32
2001:db8:ffff:ffff::483/128,0.0.1.227/32
2001:db8:ffff:ffff::484/128,0.0.1.228/32
2001:db8:ffff:ffff::485/128,0.0.1.229/32
2001:db8:ffff:ffff::486/128,0.0.1.230/32
2001:db8:ffff:ffff::487/128,0.0.1.231/32
2001:db8:ffff:ffff::488/128,0.0.1.232/32
2001:db8:ffff:ffff::489/128,0.0.1.233/32
2001:db8:ffff:ffff::490/128,0.0.1.234/32
2001:db8:ffff:ffff::491/128,0.0.1.235/32
2001:db8:ffff:ffff::492/128,0.0.1.236/32
2001:db8:ffff:ffff::493/128,0.0.1.237/32
2001:db8:ffff:ffff::494/128,0.0.1.238/32
2001:db8:ffff:ffff::495/128,0.0.1.239/32
2001:db8:ffff:ffff::496/128,0.0.1.240/32
2001:db8:ffff:ffff::497/128,0.0.1.241/32
2001:db8:ffff:ffff::498/128,0.0.1.242/32
2001:db8:ffff:ffff::499/128,0.0.1.243/32
2001:db8:ffff:ffff::500/128,0.0.1.244/32
2001:db8:ffff:ffff::501/128,0.0.1.245/32
2001:db8:ffff:ffff::502/128,0.0.1.246/32
2001:db8:ffff:ffff::503/128,0.0.1.247/32
2001:db8:ffff:ffff::504/128,0.0.1.248/32
2001:db8:ffff:ffff::505/128,0.0.1.249/32
2001:db8:ffff:ffff::506/128,0.0.1.250/32
2001:db8:ffff:ffff::507/128,0.0.1.251/32
2001:db8:ffff:ffff::508/128,0.0.1.252/32
2001:db8:ffff:ffff::509/128,0.0.1.253/32
2001:db8:ffff:ffff::510/128,0.0.1.254/32
2001:db8:ffff:ffff::511/128,0.0.1.255/32
2001:db8:ffff:ffff::512/128,0.0.2.0/32
2001:db8:ffff:ffff::513/128,0.0.2.1/32
2001:db8:ffff:ffff::514/128,0.0.2.2/32
2001:db8:ffff:ffff::515/128,0.0.2.3/32
2001:db8:ffff:ffff::516/128,0.0.2.4/32
2001:db8:ffff:ffff::517/128,0.0.2.5/32
2001:db8:ffff:ffff::518/128,0.0.2.6/32
2001:db8:ffff:ffff::519/128,0.0.2.7/32
2001:db8:ffff:ffff::520/128,0.0.2.8/32
2001:db8:ffff:ffff::521/128,0.0.2.9/32
2001:db8:ffff:ffff::522/128,0.0.2.10/32
2001:db8:ffff:ffff::523/128,0.0.2.11/32
2001:db8:ffff:ffff::524/128,0.0.2.12/32
2001:db8:ffff:ffff::525/128,0.0.2.13/32
2001:db8:ffff:ffff::526/128,0.0.2.14/32
2001:db8:ffff:ffff::527/128,0.0.2.15/32
2001:db8:ffff:ffff::528/128,0.0.2.16/32
2001:db8:ffff:ffff::529/128,0.0.2.17/32
2001:db8:ffff:ffff::530/128,0.0.2.18/32
2001:db8:ffff:ffff::531/128,0.0.2.19/32
2001:db8:ffff:ffff::532/128,0.0.2.20/32
2001:db8:ffff:ffff::533/128,0.0.2.21/32
2001:db8:ffff:ffff::534/128,0.0.2.22/32
2001:db8:ffff:ffff::535/128,0.0.2.23/32
2001:db8:ffff:ffff::536/128,0.0.2.24/32
2001:db8:ffff:ffff::537/128,0.0.2.25/32
2001:db8:ffff:ffff::538/128,0.0.2.26/32
2001:db8:ffff:ffff::539/128,0.0.2.27/32
2001:db8:ffff:ffff::540/128,0.0.2.28/32
2001:db8:ffff:ffff::541/128,0.0.2.29/32
2001:db8:ffff:ffff::542/128,0.0.2.30/32
2001:db8:ffff:ffff::543/128,0.0.2.31/32
2001:db8:ffff:ffff::544/128,0.0.2.32/32
2001:db8:ffff:ffff::545/128,0.0.2.33/32
2001:db8:ffff:ffff::546/128,0.0.2.34/32
2001:db8:ffff:ffff::547/128,0.0.2.35/32
2001:db8:ffff:ffff::548/128,0.0.2.36/32
2001:db8:ffff:ffff::549/128,0.0.2.37/32
2001:db8:ffff:ffff::550/128,0.0.2.38/32
2001:db8:ffff:ffff::551/128,0.0.2.39/32
2001:db8:ffff:ffff::552/128,0.0.2.40/32
2001:db8:ffff:ffff::553/128,0.0.2.41/32
2001:db8:ffff:ffff::554/128,0.0.2.42/32
2001:db8:ffff:ffff::555/128,0.0.2.43/32
2001:db8:ffff:ffff::556/128,0.0.2.44/32
2001:db8:ffff:ffff::557/128,0.0.2.45/32
2001:db8:ffff:ffff::558/128,0.0.2.46/32
2001:db8:ffff:ffff::559/128,0.0.2.47/32
2001:db8:ffff:ffff::560/128,0.0.2.48/32
2001:db8:ffff:ffff::561/128,0.0.2.49/32
2001:db8:ffff:ffff::562/128,0.0.2.50/32
2001:db8:ffff:ffff::563/128,0.0.2.51/32
2001:db8:ffff:ffff::564/128,0.0.2.52/32
2001:db8:ffff:ffff::565/128,0.0.2.53/32
2001:db8:ffff:ffff::566/128,0.0.2.54/32
2001:db8:ffff:ffff::567/128,0.0.2.55/32
2001:db8:ffff:ffff::568/128,0.0.2.56/32
2001:db8:ffff:ffff::569/128,0.0.2.57/32
2001:db8:ffff:ffff::570/128,0.0.2.58/32
2001:db8:ffff:ffff::571/128,0.0.2.59/32
2001:db8:ffff:ffff::572/128,0.0.2.60/32
2001:db8:ffff:ffff::573/128,0.0.2.61/32
2001:db8:ffff:ffff::574/128,0.0.2.62/32
2001:db8:ffff:ffff::575/128,0.0.2.63/32
2001:db8:ffff:ffff::576/128,0.0.2.64/32
2001:db8:ffff:ffff::577/128,0.0.2.65/32
2001:db8:ffff:ffff::578/128,0.0.2.66/32
2001:db8:ffff:ffff::579/128,0.0.2.67/32
2001:db8:ffff:ffff::580/128,0.0.2.68/32
2001:db8:ffff:ffff::581/128,0.0.2.69/32
2001:db8:ffff:ffff::582/128,0.0.2.70/32
2001:db8:ffff:ffff::583/128,0.0.2.71/32
2001:db8:ffff:ffff::584/128,0.0.2.72/32
2001:db8:ffff:ffff::585/128,0.0.2.73/32
2001:db8:ffff:ffff::586/128,0.0.2.74/32
2001:db8:ffff:ffff::587/128,0.0.2.75/32
2001:db8:ffff:ffff::588/128,0.0.2.76/32
2001:db8:ffff:ffff::589/128,0.0.2.77/32
2001:db8:ffff:ffff::590/128,0.0.2.78/32
2001:db8:ffff:ffff::591/128,0.0.2.79/32
2001:db8:ffff:ffff::592/128,0.0.2.80/32
2001:db8:ffff:ffff::593/128,0.0.2.81/32
2001:db8:ffff:ffff::594/128,0.0.2.82/32
2001:db8:ffff:ffff::595/128,0.0.2.83/32
2001:db8:ffff:ffff::596/128,0.0.2.84/32
2001:db8:ffff:ffff::597/128,0.0.2.85/32
2001:db8:ffff:ffff::598/128,0.0.2.86/32
2001:db8:ffff:ffff::599/128,0.0.2.87/32
2001:db8:ffff:ffff::600/128,0.0.2.88/32
2001:db8:ffff:ffff::601/128,0.0.2.89/32
2001:db8:ffff:ffff::602/128,0.0.2.90/32
2001:db8:ffff:ffff::603/128,0.0.2.91/32
2001:db8:ffff:ffff::604/128,0.0.2.92/32
2001:db8:ffff:ffff::605/128,0.0.2.93/32
2001:db8:ffff:ffff::606/128,0.0.2.94/32
2001:db8:ffff:ffff::607/128,0.0.2.95/32
2001:db8:ffff:ffff::608/128,0.0.2.96/32
2001:db8:ffff:ffff::609/128,0.0.2.97/32
2001:db8:ffff:ffff::610/128,0.0.2.98/32
2001:db8:ffff:ffff::611/128,0.0.2.99/32
2001:db8:ffff:ffff::612/128,0.0.2.100/32
2001:db8:ffff:ffff::613/128,0.0.2.101/32
2001:db8:ffff:ffff::614/128,0.0.2.102/32
2001:db8:ffff:ffff::615/128,0.0.2.103/32
2001:db8:ffff:ffff::616/128,0.0.2.104/32
2001:db8:ffff:ffff::617/128,0.0.2.105/32
2001:db8:ffff:ffff::618/128,0.0.2.106/32
2001:db8:ffff:ffff::619/128,0.0.2.107/32
2001:db8:ffff:ffff::620/128,0.0.2.108/32
2001:db8:ffff:ffff::621/128,0.0.2.109/32
2001:db8:ffff:ffff::622/128,0.0.2.110/32
2001:db8:ffff:ffff::623/128,0.0.2.111/32
2001:db8:ffff:ffff::624/128,0.0.2.112/32
2001:db8:ffff:ffff::625/128,0.0.2.113/32
2001:db8:ffff:ffff::626/128,0.0.2.114/32
2001:db8:ffff:ffff::627/128,0.0.2.115/32
2001:db8:ffff:ffff::628/128,0.0.2.116/32
2001:db8:ffff:ffff::629/128,0.0.2.117/32
2001:db8:ffff:ffff::630/128,0.0.2.118/32
2001:db8:ffff:ffff::631/128,0.0.2.119/32
2001:db8:ffff:ffff::632/128,0.0.2.120/32
2001:db8:ffff:ffff::633/128,0.0.2.121/32
2001:db8:ffff:ffff::634/128,0.0.2.122/32
2001:db8:ffff:ffff::635/128,0.0.2.123/32
2001:db8:ffff:ffff::636/128,0.0.2.124/32
2001:db8:ffff:ffff::637/128,0.0.2.125/32
2001:db8:ffff:ffff::638/128,0.0.2.126/32
2001:db8:ffff:ffff::639/128,0.0.2.127/32
2001:db8:ffff:ffff::640/128,0.0.2.128/32
2001:db8:ffff:ffff::641/128,0.0.2.129/32
2001:db8:ffff:ffff::642/128,0.0.2.130/32
2001:db8:ffff:ffff::643/128,0.0.2.131/32
2001:db8:ffff:ffff::644/128,0.0.2.132/32
2001:db8:ffff:ffff::645/128,0.0.2.133/32
2001:db8:ffff:ffff::646/128,0.0.2.134/32
2001:db8:ffff:ffff::647/128,0.0.2.135/32
2001:db8:ffff:ffff::648/128,0.0.2.136/32
2001:db8:ffff:ffff::649/128,0.0.2.137/32
2001:db8:ffff:ffff::650/128,0.0.2.138/32
2001:db8:ffff:ffff::651/128,0.0.2.139/32
2001:db8:ffff:ffff::652/128,0.0.2.140/32
2001:db8:ffff:ffff::653/128,0.0.2.141/32
2001:db8:ffff:ffff::654/128,0.0.2.142/32
2001:db8:ffff:ffff::655/128,0.0.2.143/32
2001:db8:ffff:ffff::656/128,0.0.2.144/32
2001:db8:ffff:ffff::657/128,0.0.2.145/32
2001:db8:ffff:ffff::658/128,0.0.2.146/32
2001:db8:ffff:ffff::659/128,0.0.2.147/32
2001:db8:ffff:ffff::660/128,0.0.2.148/32
2001:db8:ffff:ffff::661/128,0.0.2.149/32
2001:db8:ffff:ffff::662/128,0.0.2.150/32
2001:db8:ffff:ffff::663/128,0.0.2.151/32
2001:db8:ffff:ffff::664/128,0.0.2.152/32
2001:db8:ffff:ffff::665/128,0.0.2.153/32
2001:db8:ffff:ffff::666/128,0.0.2.154/32
2001:db8:ffff:ffff::667/128,0.0.2.155/32
2001:db8:ffff:ffff::668/128,0.0.2.156/32
2001:db8:ffff:ffff::669/128,0.0.2.157/32
2001:db8:ffff:ffff::670/128,0.0.2.158/32
2001:db8:ffff:ffff::671/128,0.0.2.159/32
2001:db8:ffff:ffff::672/128,0.0.2.160/32
2001:db8:ffff:ffff::673/128,0.0.2.161/32
2001:db8:ffff:ffff::674/128,0.0.2.162/32
2001:db8:ffff:ffff::675/128,0.0.2.163/32
2001:db8:ffff:ffff::676/128,0.0.2.164/32
2001:db8:ffff:ffff::677/128,0.0.2.165/32
2001:db8:ffff:ffff::678/128,0.0.2.166/32
2001:db8:ffff:ffff::679/128,0.0.2.167/32
2001:db8:ffff:ffff::680/128,0.0.2.168/32
2001:db8:ffff:ffff::681/128,0.0.2.169/32
2001:db8:ffff:ffff::682/128,0.0.2.170/32
2001:db8:ffff:ffff::683/128,0.0.2.171/32
2001:db8:ffff:ffff::684/128,0.0.2.172/32
2001:db8:ffff:ffff::685/128,0.0.2.173/32
2001:db8:ffff:ffff::686/128,0.0.2.174/32
2001:db8:ffff:ffff::687/128,0.0.2.175/32
2001:db8:ffff:ffff::688/128,0.0.2.176/32
2001:db8:ffff:ffff::689/128,0.0.2.177/32
2001:db8:ffff:ffff::690/128,0.0.2.178/32
2001:db8:ffff:ffff::691/128,0.0.2.179/32
2001:db8:ffff:ffff::692/128,0.0.2.180/32
2001:db8:ffff:ffff::693/128,0.0.2.181/32
2001:db8:ffff:ffff::694/128,0.0.2.182/32
2001:db8:ffff:ffff::695/128,0.0.2.183/32
2001:db8:ffff:ffff::696/128,0.0.2.184/32
2001:db8:ffff:ffff::697/128,0.0.2.185/32
2001:db8:ffff:ffff::698/128,0.0.2.186/32
2001:db8:ffff:ffff::699/128,0.0.2.187/32
2001:db8:ffff:ffff::700/128,0.0.2.188/32
2001:db8:ffff:ffff::701/128,0.0.2.189/32
2001:db8:ffff:ffff::702/128,0.0.2.190/32
2001:db8:ffff:ffff::703/128,0.0.2.191/32
2001:db8:ffff:ffff::704/128,0.0.2.192/32
2001:db8:ffff:ffff::705/128,0.0.2.193/32
2001:db8:ffff:ffff::706/128,0.0.2.194/32
2001:db8:ffff:ffff::707/128,0.0.2.195/32
2001:db8:ffff:ffff::708/128,0.0.2.196/32
2001:db8:ffff:ffff::709/128,0.0.2.197/32
2001:db8:ffff:ffff::710/128,0.0.2.198/32
2001:db8:ffff:ffff::711/128,0.0.2.199/32
2001:db8:ffff:ffff::712/128,0.0.2.200/32
2001:db8:ffff:ffff::713/128,0.0.2.201/32
2001:db8:ffff:ffff::714/128,0.0.2.202/32
2001:db8:ffff:ffff::715/128,0.0.2.203/32
2001:db8:ffff:ffff::716/128,0.0.2.204/32
2001:db8:ffff:ffff::717/128,0.0.2.205/32
2001:db8:ffff:ffff::718/128,0.0.2.206/32
2001:db8:ffff:ffff::719/128,0.0.2.207/32
2001:db8:ffff:ffff::720/128,0.0.2.208/32
2001:db8:ffff:ffff::721/128,0.0.2.209/32
2001:db8:ffff:ffff::722/128,0.0.2.210/32
2001:db8:ffff:ffff::723/128,0.0.2.211/32
2001:db8:ffff:ffff::724/128,0.0.2.212/32
2001:db8:ffff:ffff::725/128,0.0.2.213/32
2001:db8:ffff:ffff::726/128,0.0.2.214/32
2001:db8:ffff:ffff::727/128,0.0.2.215/32
2001:db8:ffff:ffff::728/128,0.0.2.216/32
2001:db8:ffff:ffff::729/128,0.0.2.217/32
2001:db8:ffff:ffff::730/128,0.0.2.218/32
2001:db8:ffff:ffff::731/128,0.0.2.219/32
2001:db8:ffff:ffff::732/128,0.0.2.220/32
2001:db8:ffff:ffff::733/128,0.0.2.221/32
2001:db8:ffff:ffff::734/128,0.0.2.222/32
2001:db8:ffff:ffff::735/128,0.0.2.223/32
2001:db8:ffff:ffff::736/128,0.0.2.224/32
2001:db8:ffff:ffff::737/128,0.0.2.225/32
2001:db8:ffff:ffff::738/128,0.0.2.226/32
2001:db8:ffff:ffff::739/128,0.0.2.227/32
2001:db8:ffff:ffff::740/128,0.0.2.228/32
2001:db8:ffff:ffff::741/128,0.0.2.229/32
2001:db8:ffff:ffff::742/128,0.0.2.230/32
2001:db8:ffff:ffff::743/128,0.0.2.231/32
2001:db8:ffff:ffff::744/128,0.0.2.232/32
2001:db8:ffff:ffff::745/128,0.0.2.233/32
2001:db8:ffff:ffff::746/128,0.0.2.234/32
2001:db8:ffff:ffff::747/128,0.0.2.235/32
2001:db8:ffff:ffff::748/128,0.0.2.236/32
2001:db8:ffff:ffff::749/128,0.0.2.237/32
2001:db8:ffff:ffff::750/128,0.0.2.238/32
2001:db8:ffff:ffff::751/128,0.0.2.239/32
2001:db8:ffff:ffff::752/128,0.0.2.240/32
2001:db8:ffff:ffff::753/128,0.0.2.241/32
2001:db8:ffff:ffff::754/128,0.0.2.242/32
2001:db8:ffff:ffff::755/128,0.0.2.243/32
2001:db8:ffff:ffff::756/128,0.0.2.244/32
2001:db8:ffff:ffff::757/128,0.0.2.245/32
2001:db8:ffff:ffff::758/128,0.0.2.246/32
2001:db8:ffff:ffff::759/128,0.0.2.247/32
2001:db8:ffff:ffff::760/128,0.0.2.248/32
2001:db8:ffff:ffff::761/128,0.0.2.249/32
2001:db8:ffff:ffff::762/128,0.0.2.250/32
2001:db8:ffff:ffff::763/128,0.0.2.251/32
2001:db8:ffff:ffff::764/128,0.0.2.252/32
2001:db8:ffff:ffff::765/128,0.0.2.253/32
2001:db8:ffff:ffff::766/128,0.0.2.254/32
2001:db8:ffff:ffff::767/128,0.0.2.255/32
2001:db8:ffff:ffff::768/128,0.0.3.0/32
2001:db8:ffff:ffff::769/128,0.0.3.1/32
2001:db8:ffff:ffff::770/128,0.0.3.2/32
2001:db8:ffff:ffff::771/128,0.0.3.3/32
2001:db8:ffff:ffff::772/128,0.0.3.4/32
2001:db8:ffff:ffff::773/128,0.0.3.5/32
2001:db8:ffff:ffff::774/128,0.0.3.6/32
2001:db8:ffff:ffff::775/128,0.0.3.7/32
2001:db8:ffff:ffff::776/128,0.0.3.8/32
2001:db8:ffff:ffff::777/128,0.0.3.9/32
2001:db8:ffff:ffff::778/128,0.0.3.10/32
2001:db8:ffff:ffff::779/128,0.0.3.11/32
2001:db8:ffff:ffff::780/128,0.0.3.12/32
2001:db8:ffff:ffff::781/128,0.0.3.13/32
2001:db8:ffff:ffff::782/128,0.0.3.14/32
2001:db8:ffff:ffff::783/128,0.0.3.15/32
2001:db8:ffff:ffff::784/128,0.0.3.16/32
2001:db8:ffff:ffff::785/128,0.0.3.17/32
2001:db8:ffff:ffff::786/128,0.0.3.18/32
2001:db8:ffff:ffff::787/128,0.0.3.19/32
2001:db8:ffff:ffff::788/128,0.0.3.20/32
2001:db8:ffff:ffff::789/128,0.0.3.21/32
2001:db8:ffff:ffff::790/128,0.0.3.22/32
2001:db8:ffff:ffff::791/128,0.0.3.23/32
2001:db8:ffff:ffff::792/128,0.0.3.24/32
2001:db8:ffff:ffff::793/128,0.0.3.25/32
2001:db8:ffff:ffff::794/128,0.0.3.26/32
2001:db8:ffff:ffff::795/128,0.0.3.27/32
2001:db8:ffff:ffff::796/128,0.0.3.28/32
2001:db8:ffff:ffff::797/128,0.0.3.29/32
2001:db8:ffff:ffff::798/128,0.0.3.30/32
2001:db8:ffff:ffff::799/128,0.0.3.31/32
2001:db8:ffff:ffff::800/128,0.0.3.32/32
2001:db8:ffff:ffff::801/128,0.0.3.33/32
2001:db8:ffff:ffff::802/128,0.0.3.34/32
2001:db8:ffff:ffff::803/128,0.0.3.35/32
2001:db8:ffff:ffff::804/128,0.0.3.36/32
2001:db8:ffff:ffff::805/128,0.0.3.37/32
2001:db8:ffff:ffff::806/128,0.0.3.38/32
2001:db8:ffff:ffff::807/128,0.0.3.39/32
2001:db8:ffff:ffff::808/128,0.0.3.40/32
2001:db8:ffff:ffff::809/128,0.0.3.41/32
2001:db8:ffff:ffff::810/128,0.0.3.42/32
2001:db8:ffff:ffff::811/128,0.0.3.43/32
2001:db8:ffff:ffff::812/128,0.0.3.44/32
2001:db8:ffff:ffff::813/128,0.0.3.45/32
2001:db8:ffff:ffff::814/128,0.0.3.46/32
2001:db8:ffff:ffff::815/128,0.0.3.47/32
2001:db8:ffff:ffff::816/128,0.0.3.48/32
2001:db8:ffff:ffff::817/128,0.0.3.49/32
2001:db8:ffff:ffff::818/128,0.0.3.50/32
2001:db8:ffff:ffff::819/128,0.0.3.51/32
2001:db8:ffff:ffff::820/128,0.0.3.52/32
2001:db8:ffff:ffff::821/128,0.0.3.53/32
2001:db8:ffff:ffff::822/128,0.0.3.54/32
2001:db8:ffff:ffff::823/128,0.0.3.55/32
2001:db8:ffff:ffff::824/128,0.0.3.56/32
2001:db8:ffff:ffff::825/128,0.0.3.57/32
2001:db8:ffff:ffff::826/128,0.0.3.58/32
2001:db8:ffff:ffff::827/128,0.0.3.59/32
2001:db8:ffff:ffff::828/128,0.0.3.60/32
2001:db8:ffff:ffff::829/128,0.0.3.61/32
2001:db8:ffff:ffff::830/128,0.0.3.62/32
2001:db8:ffff:ffff::831/128,0.0.3.63/32
2001:db8:ffff:ffff::832/128,0.0.3.64/32
2001:db8:ffff:ffff::833/128,0.0.3.65/32
2001:db8:ffff:ffff::834/128,0.0.3.66/32
2001:db8:ffff:ffff::835/128,0.0.3.67/32
2001:db8:ffff:ffff::836/128,0.0.3.68/32
2001:db8:ffff:ffff::837/128,0.0.3.69/32
2001:db8:ffff:ffff::838/128,0.0.3.70/32
2001:db8:ffff:ffff::839/128,0.0.3.71/32
2001:db8:ffff:ffff::840/128,0.0.3.72/32
2001:db8:ffff:ffff::841/128,0.0.3.73/32
2001:db8:ffff:ffff::842/128,0.0.3.74/32
2001:db8:ffff:ffff::843/128,0.0.3.75/32
2001:db8:ffff:ffff::844/128,0.0.3.76/32
2001:db8:ffff:ffff::845/128,0.0.3.77/32
2001:db8:ffff:ffff::846/128,0.0.3.78/32
2001:db8:ffff:ffff::847/128,0.0.3.79/32
2001:db8:ffff:ffff::848/128,0.0.3.80/32
2001:db8:ffff:ffff::849/128,0.0.3.81/32
2001:db8:ffff:ffff::850/128,0.0.3.82/32
2001:db8:ffff:ffff::851/128,0.0.3.83/32
2001:db8:ffff:ffff::852/128,0.0.3.84/32
2001:db8:ffff:ffff::853/128,0.0.3.85/32
2001:db8:ffff:ffff::854/128,0.0.3.86/32
2001:db8:ffff:ffff::855/128,0.0.3.87/32
2001:db8:ffff:ffff::856/128,0.0.3.88/32
2001:db8:ffff:ffff::857/128,0.0.3.89/32
2001:db8:ffff:ffff::858/128,0.0.3.90/32
2001:db8:ffff:ffff::859/128,0.0.3.91/32
2001:db8:ffff:ffff::860/128,0.0.3.92/32
2001:db8:ffff:ffff::861/128,0.0.3.93/32
2001:db8:ffff:ffff::862/128,0.0.3.94/32
2001:db8:ffff:ffff::863/128,0.0.3.95/32
2001:db8:ffff:ffff::864/128,0.0.3.96/32
2001:db8:ffff:ffff::865/128,0.0.3.97/32
2001:db8:ffff:ffff::866/128,0.0.3.98/32
2001:db8:ffff:ffff::867/128,0.0.3.99/32
2001:db8:ffff:ffff::868/128,0.0.3.100/32
2001:db8:ffff:ffff::869/128,0.0.3.101/32
2001:db8:ffff:ffff::870/128,0.0.3.102/32
2001:db8:ffff:ffff::871/128,0.0.3.103/32
2001:db8:ffff:ffff::872/128,0.0.3.104/32
2001:db8:ffff:ffff::873/128,0.0.3.105/32
2001:db8:ffff:ffff::874/128,0.0.3.106/32
2001:db8:ffff:ffff::875/128,0.0.3.107/32
2001:db8:ffff:ffff::876/128,0.0.3.108/32
2001:db8:ffff:ffff::877/128,0.0.3.109/32
2001:db8:ffff:ffff::878/128,0.0.3.110/32
2001:db8:ffff:ffff::879/128,0.0.3.111/32
2001:db8:ffff:ffff::880/128,0.0.3.112/32
2001:db8:ffff:ffff::881/128,0.0.3.113/32
2001:db8:ffff:ffff::882/128,0.0.3.114/32
2001:db8:ffff:ffff::883/128,0.0.3.115/32
2001:db8:ffff:ffff::884/128,0.0.3.116/32
2001:db8:ffff:ffff::885/128,0.0.3.117/32
2001:db8:ffff:ffff::886/128,0.0.3.118/32
2001:db8:ffff:ffff::887/128,0.0.3.119/32
2001:db8:ffff:ffff::888/128,0.0.3.120/32
2001:db8:ffff:ffff::889/128,0.0.3.121/32
2001:db8:ffff:ffff::890/128,0.0.3.122/32
2001:db8:ffff:ffff::891/128,0.0.3.123/32
2001:db8:ffff:ffff::892/128,0.0.3.124/32
2001:db8:ffff:ffff::893/128,0.0.3.125/32
2001:db8:ffff:ffff::894/128,0.0.3.126/32
2001:db8:ffff:ffff::895/128,0.0.3.127/32
2001:db8:ffff:ffff::896/128,0.0.3.128/32
2001:db8:ffff:ffff::897/128,0.0.3.129/32
2001:db8:ffff:ffff::898/128,0.0.3.130/32
2001:db8:ffff:ffff::899/128,0.0.3.131/32
2001:db8:ffff:ffff::900/128,0.0.3.132/32
2001:db8:ffff:ffff::901/128,0.0.3.133/32
2001:db8:ffff:ffff::902/128,0.0.3.134/32
2001:db8:ffff:ffff::903/128,0.0.3.135/32
2001:db8:ffff:ffff::904/128,0.0.3.136/32
2001:db8:ffff:ffff::905/128,0.0.3.137/32
2001:db8:ffff:ffff::906/128,0.0.3.138/32
2001:db8:ffff:ffff::907/128,0.0.3.139/32
2001:db8:ffff:ffff::908/128,0.0.3.140/32
2001:db8:ffff:ffff::909/128,0.0.3.141/32
2001:db8:ffff:ffff::910/128,0.0.3.142/32
2001:db8:ffff:ffff::911/128,0.0.3.143/32
2001:db8:ffff:ffff::912/128,0.0.3.144/32
2001:db8:ffff:ffff::913/128,0.0.3.145/32
2001:db8:ffff:ffff::914/128,0.0.3.146/32
2001:db8:ffff:ffff::915/128,0.0.3.147/32
2001:db8:ffff:ffff::916/128,0.0.3.148/32
2001:db8:ffff:ffff::917/128,0.0.3.149/32
2001:db8:ffff:ffff::918/128,0.0.3.150/32
2001:db8:ffff:ffff::919/128,0.0.3.151/32
2001:db8:ffff:ffff::920/128,0.0.3.152/32
2001:db8:ffff:ffff::921/128,0.0.3.153/32
2001:db8:ffff:ffff::922/128,0.0.3.154/32
2001:db8:ffff:ffff::923/128,0.0.3.155/32
2001:db8:ffff:ffff::924/128,0.0.3.156/32
2001:db8:ffff:ffff::925/128,0.0.3.157/32
2001:db8:ffff:ffff::926/128,0.0.3.158/32
2001:db8:ffff:ffff::927/128,0.0.3.159/32
2001:db8:ffff:ffff::928/128,0.0.3.160/32
2001:db8:ffff:ffff::929/128,0.0.3.161/32
2001:db8:ffff:ffff::930/128,0.0.3.162/32
2001:db8:ffff:ffff::931/128,0.0.3.163/32
2001:db8:ffff:ffff::932/128,0.0.3.164/32
2001:db8:ffff:ffff::933/128,0.0.3.165/32
2001:db8:ffff:ffff::934/128,0.0.3.166/32
2001:db8:ffff:ffff::935/128,0.0.3.167/32
2001:db8:ffff:ffff::936/128,0.0.3.168/32
2001:db8:ffff:ffff::937/128,0.0.3.169/32
2001:db8:ffff:ffff::938/128,0.0.3.170/32
2001:db8:ffff:ffff::939/128,0.0.3.171/32
2001:db8:ffff:ffff::940/128,0.0.3.172/32
2001:db8:ffff:ffff::941/128,0.0.3.173/32
2001:db8:ffff:ffff::942/128,0.0.3.174/32
2001:db8:ffff:ffff::943/128,0.0.3.175/32
2001:db8:ffff:ffff::944/128,0.0.3.176/32
2001:db8:ffff:ffff::945/128,0.0.3.177/32
2001:db8:ffff:ffff::946/128,0.0.3.178/32
2001:db8:ffff:ffff::947/128,0.0.3.179/32
2001:db8:ffff:ffff::948/128,0.0.3.180/32
2001:db8:ffff:ffff::949/128,0.0.3.181/32
2001:db8:ffff:ffff::950/128,0.0.3.182/32
2001:db8:ffff:ffff::951/128,0.0.3.183/32
2001:db8:ffff:ffff::952/128,0.0.3.184/32
2001:db8:ffff:ffff::953/128,0.0.3.185/32
2001:db8:ffff:ffff::954/128,0.0.3.186/32
2001:db8:ffff:ffff::955/128,0.0.3.187/32
2001:db8:ffff:ffff::956/128,0.0.3.188/32
2001:db8:ffff:ffff::957/128,0.0.3.189/32
2001:db8:ffff:ffff::958/128,0.0.3.190/32
2001:db8:ffff:ffff::959/128,0.0.3.191/32
2001:db8:ffff:ffff::960/128,0.0.3.192/32
2001:db8:ffff:ffff::961/128,0.0.3.193/32
2001:db8:ffff:ffff::962/128,0.0.3.194/32
2001:db8:ffff:ffff::963/128,0.0.3.195/32
2001:db8:ffff:ffff::964/128,0.0.3.196/32
2001:db8:ffff:ffff::965/128,0.0.3.197/32
2001:db8:ffff:ffff::966/128,0.0.3.198/32
2001:db8:ffff:ffff::967/128,0.0.3.199/32
2001:db8:ffff:ffff::968/128,0.0.3.200/32
2001:db8:ffff:ffff::969/128,0.0.3.201/32
2001:db8:ffff:ffff::970/128,0.0.3.202/32
2001:db8:ffff:ffff::971/128,0.0.3.203/32
2001:db8:ffff:ffff::972/128,0.0.3.204/32
2001:db8:ffff:ffff::973/128,0.0.3.205/32
2001:db8:ffff:ffff::974/128,0.0.3.206/32
2001:db8:ffff:ffff::975/128,0.0.3.207/32
2001:db8:ffff:ffff::976/128,0.0.3.208/32
2001:db8:ffff:ffff::977/128,0.0.3.209/32
2001:db8:ffff:ffff::978/128,0.0.3.210/32
2001:db8:ffff:ffff::979/128,0.0.3.211/32
2001:db8:ffff:ffff::980/128,0.0.3.212/32
2001:db8:ffff:ffff::981/128,0.0.3.213/32
2001:db8:ffff:ffff::982/128,0.0.3.214/32
2001:db8:ffff:ffff::983/128,0.0.3.215/32
2001:db8:ffff:ffff::984/128,0.0.3.216/32
2001:db8:ffff:ffff::985/128,0.0.3.217/32
2001:db8:ffff:ffff::986/128,0.0.3.218/32
2001:db8:ffff:ffff::987/128,0.0.3.219/32
2001:db8:ffff:ffff::988/128,0.0.3.220/32
2001:db8:ffff:ffff::989/128,0.0.3.221/32
2001:db8:ffff:ffff::990/128,0.0.3.222/32
2001:db8:ffff:ffff::991/128,0.0.3.223/32
2001:db8:ffff:ffff::992/128,0.0.3.224/32
2001:db8:ffff:ffff::993/128,0.0.3.225/32
2001:db8:ffff:ffff::994/128,0.0.3.226/32
2001:db8:ffff:ffff::995/128,0.0.3.227/32
2001:db8:ffff:ffff::996/128,0.0.3.228/32
2001:db8:ffff:ffff::997/128,0.0.3.229/32
2001:db8:ffff:ffff::998/128,0.0.3.230/32
2001:db8:ffff:ffff::999/128,0.0.3.231/32
2001:db8:ffff:ffff::1000/128,0.0.3.232/32
